symbol,tx_server_time,tx_local_time,bd_server_time,bd_local_time,price,iopv,premium_rate,index_price,fx_rate,sentiment,tick_vol,tick_amt,tick_vwap,interval_s,bp1,bv1,bp2,bv2,bp3,bv3,bp4,bv4,bp5,bv5,sp1,sv1,sp2,sv2,sp3,sv3,sp4,sv4,sp5,sv5
sh513130,10:51:51,1764125513973,N/A,0,0.742,0.7421,-0.0135,0.0,0.9106,0.0,0,0,0.742,0.0,0.741,93628800,0.740,132477600,0.739,89211500,0.738,66194400,0.737,43065800,0.742,33701800,0.743,111637000,0.744,123659700,0.745,97799600,0.746,77496800
sh513130,10:51:51,1764125514892,N/A,0,0.742,0.7421,-0.0135,0.0,0.9106,0.7379,0,0,0.742,0.919,0.741,93628800,0.740,132477600,0.739,89211500,0.738,66194400,0.737,43065800,0.742,33701800,0.743,111637000,0.744,123659700,0.745,97799600,0.746,77496800
sh513130,10:51:51,1764125516010,N/A,0,0.742,0.7421,-0.0135,0.0,0.9106,1.2677,0,0,0.742,1.118,0.741,93628800,0.740,132477600,0.739,89211500,0.738,66194400,0.737,43065800,0.742,33701800,0.743,111637000,0.744,123659700,0.745,97799600,0.746,77496800
sh513130,10:51:54,1764125516895,N/A,0,0.742,0.7421,-0.0135,0.0,0.9106,1.5463,897200,665722,0.742,0.885,0.741,93950500,0.740,132481000,0.739,89211500,0.738,66194400,0.737,43065800,0.742,27843800,0.743,112615400,0.744,124649700,0.745,102966600,0.746,77496800
sh513130,10:51:54,1764125517901,N/A,0,0.742,0.7421,-0.0135,0.0,0.9106,1.7679,0,0,0.742,1.006,0.741,93950500,0.740,132481000,0.739,89211500,0.738,66194400,0.737,43065800,0.742,27843800,0.743,112615400,0.744,124649700,0.745,102966600,0.746,77496800
sh513130,10:51:54,1764125518888,N/A,0,0.742,0.7421,-0.0135,0.0,0.9106,5.0806,0,0,0.742,0.987,0.741,93950500,0.740,132481000,0.739,89211500,0.738,66194400,0.737,43065800,0.742,27843800,0.743,112615400,0.744,124649700,0.745,102966600,0.746,77496800
sh513130,10:51:57,1764125519896,N/A,0,0.742,0.7421,-0.0135,0.0,0.9106,4.3673,38700,28715,0.742,1.007,0.741,94073600,0.740,132681000,0.739,89211500,0.738,66194400,0.737,43065800,0.742,31491700,0.743,113501500,0.744,124649700,0.745,97599700,0.746,77496800
sh513130,10:51:57,1764125520900,N/A,0,0.742,0.7421,-0.0135,0.0,0.9106,4.1759,0,0,0.742,1.005,0.741,94073600,0.740,132681000,0.739,89211500,0.738,66194400,0.737,43065800,0.742,31491700,0.743,113501500,0.744,124649700,0.745,97599700,0.746,77496800
sh513130,10:52:00,1764125521901,N/A,0,0.742,0.7421,-0.0135,0.0,0.9106,4.4692,74700,55428,0.742,1.001,0.741,94492200,0.740,132693600,0.739,89211500,0.738,66194400,0.737,43065800,0.742,33983200,0.743,125676700,0.744,124999700,0.745,97605400,0.746,77493800
sh513130,10:52:00,1764125522898,N/A,0,0.742,0.7421,-0.0135,0.0,0.9106,2.8502,0,0,0.742,0.997,0.741,94492200,0.740,132693600,0.739,89211500,0.738,66194400,0.737,43065800,0.742,33983200,0.743,125676700,0.744,124999700,0.745,97605400,0.746,77493800
sh513130,10:52:00,1764125523902,N/A,0,0.742,0.7421,-0.0135,0.0,0.9106,3.0333,0,0,0.742,1.004,0.741,94492200,0.740,132693600,0.739,89211500,0.738,66194400,0.737,43065800,0.742,33983200,0.743,125676700,0.744,124999700,0.745,97605400,0.746,77493800
sh513130,10:52:03,1764125524908,N/A,0,0.742,0.7421,-0.0135,0.0,0.9106,2.7797,10000,7420,0.742,1.006,0.741,94984300,0.740,132542300,0.739,89007900,0.738,66194400,0.737,43065800,0.742,18111900,0.743,114533400,0.744,127264200,0.745,104922400,0.746,77471000
sh513130,10:52:03,1764125525907,N/A,0,0.742,0.7421,-0.0135,0.0,0.9106,1.9839,0,0,0.742,0.999,0.741,94984300,0.740,132542300,0.739,89007900,0.738,66194400,0.737,43065800,0.742,18111900,0.743,114533400,0.744,127264200,0.745,104922400,0.746,77471000
sh513130,10:52:03,1764125526915,N/A,0,0.742,0.7421,-0.0135,0.0,0.9106,2.5618,0,0,0.742,1.007,0.741,94984300,0.740,132542300,0.739,89007900,0.738,66194400,0.737,43065800,0.742,18111900,0.743,114533400,0.744,127264200,0.745,104922400,0.746,77471000
sh513130,10:52:03,1764125527912,N/A,0,0.742,0.7421,-0.0135,0.0,0.9106,2.105,0,0,0.742,0.998,0.741,94984300,0.740,132542300,0.739,89007900,0.738,66194400,0.737,43065800,0.742,18111900,0.743,114533400,0.744,127264200,0.745,104922400,0.746,77471000
sh513130,10:52:06,1764125528917,N/A,0,0.742,0.7421,-0.0135,0.0,0.9106,5.6544,53500,39697,0.742,1.005,0.741,97252800,0.740,132637500,0.739,88017900,0.738,66204400,0.737,43065800,0.742,10826000,0.743,115441500,0.744,127264200,0.745,104922400,0.746,77521000
sh513130,10:52:06,1764125529920,N/A,0,0.742,0.7421,-0.0135,0.0,0.9106,5.478,0,0,0.742,1.002,0.741,97252800,0.740,132637500,0.739,88017900,0.738,66204400,0.737,43065800,0.742,10826000,0.743,115441500,0.744,127264200,0.745,104922400,0.746,77521000
sh513130,10:52:09,1764125530916,N/A,0,0.742,0.7422,-0.0269,0.0,0.9106,4.4542,3026500,2245662,0.742,0.996,0.741,98390700,0.740,132638500,0.739,88017900,0.738,66203100,0.737,43065800,0.742,7066700,0.743,109481300,0.744,126264200,0.745,104892400,0.746,77521000
sh513130,10:52:09,1764125531934,N/A,0,0.742,0.7422,-0.0269,0.0,0.9106,5.7418,0,0,0.742,1.018,0.741,98390700,0.740,132638500,0.739,88017900,0.738,66203100,0.737,43065800,0.742,7066700,0.743,109481300,0.744,126264200,0.745,104892400,0.746,77521000
sh513130,10:52:09,1764125532925,N/A,0,0.742,0.7422,-0.0269,0.0,0.9106,5.2294,0,0,0.742,0.991,0.741,98390700,0.740,132638500,0.739,88017900,0.738,66203100,0.737,43065800,0.742,7066700,0.743,109481300,0.744,126264200,0.745,104892400,0.746,77521000
sh513130,10:52:12,1764125533928,N/A,0,0.742,0.7422,-0.0269,0.0,0.9106,4.7467,7153600,5307971,0.742,1.003,0.742,33487600,0.741,106676700,0.740,124641500,0.739,83017900,0.738,66203100,0.743,109803300,0.744,126264200,0.745,105748200,0.746,77521000,0.747,89472400
sh513130,10:52:12,1764125534922,N/A,0,0.742,0.7422,-0.0269,0.0,0.9106,3.5695,0,0,0.742,0.995,0.742,33487600,0.741,106676700,0.740,124641500,0.739,83017900,0.738,66203100,0.743,109803300,0.744,126264200,0.745,105748200,0.746,77521000,0.747,89472400
sh513130,10:52:12,1764125535920,N/A,0,0.742,0.7422,-0.0269,0.0,0.9106,1.8071,0,0,0.742,0.998,0.742,33487600,0.741,106676700,0.740,124641500,0.739,83017900,0.738,66203100,0.743,109803300,0.744,126264200,0.745,105748200,0.746,77521000,0.747,89472400
sh513130,10:52:15,1764125536932,N/A,0,0.742,0.7422,-0.0269,0.0,0.9106,1.8042,2000,1484,0.742,1.012,0.742,23957900,0.741,107252100,0.740,124371100,0.739,88017900,0.738,66206400,0.743,109501600,0.744,127020000,0.745,107124000,0.746,77521000,0.747,89472400
sh513130,10:52:15,1764125537932,N/A,0,0.742,0.7422,-0.0269,0.0,0.9106,1.7142,0,0,0.742,1.0,0.742,23957900,0.741,107252100,0.740,124371100,0.739,88017900,0.738,66206400,0.743,109501600,0.744,127020000,0.745,107124000,0.746,77521000,0.747,89472400
sh513130,10:52:15,1764125538941,N/A,0,0.742,0.7422,-0.0269,0.0,0.9106,1.6373,0,0,0.742,1.01,0.742,23957900,0.741,107252100,0.740,124371100,0.739,88017900,0.738,66206400,0.743,109501600,0.744,127020000,0.745,107124000,0.746,77521000,0.747,89472400
sh513130,10:52:18,1764125539933,N/A,0,0.742,0.7422,-0.0269,0.0,0.9106,1.4941,13900900,10314468,0.742,0.992,0.741,108158700,0.740,123672400,0.739,88017900,0.738,66206400,0.737,43175800,0.742,17048700,0.743,109539600,0.744,127020000,0.745,107979800,0.746,77541000
sh513130,10:52:18,1764125540933,N/A,0,0.742,0.7422,-0.0269,0.0,0.9106,2.0781,0,0,0.742,1.0,0.741,108158700,0.740,123672400,0.739,88017900,0.738,66206400,0.737,43175800,0.742,17048700,0.743,109539600,0.744,127020000,0.745,107979800,0.746,77541000
sh513130,10:52:18,1764125541930,N/A,0,0.742,0.7422,-0.0269,0.0,0.9106,1.9335,0,0,0.742,0.998,0.741,108158700,0.740,123672400,0.739,88017900,0.738,66206400,0.737,43175800,0.742,17048700,0.743,109539600,0.744,127020000,0.745,107979800,0.746,77541000
sh513130,10:52:21,1764125542978,N/A,0,0.742,0.7422,-0.0269,0.0,0.9106,1.9479,3030600,2248705,0.742,1.048,0.741,107941800,0.740,123948800,0.739,88017900,0.738,66206400,0.737,43175800,0.742,9308100,0.743,109684100,0.744,127016200,0.745,108433700,0.746,77441000
sh513130,10:52:21,1764125544018,N/A,0,0.742,0.7422,-0.0269,0.0,0.9106,2.3338,0,0,0.742,1.04,0.741,107941800,0.740,123948800,0.739,88017900,0.738,66206400,0.737,43175800,0.742,9308100,0.743,109684100,0.744,127016200,0.745,108433700,0.746,77441000
sh513130,10:52:21,1764125544942,N/A,0,0.742,0.7422,-0.0269,0.0,0.9106,2.9249,0,0,0.742,0.924,0.741,107941800,0.740,123948800,0.739,88017900,0.738,66206400,0.737,43175800,0.742,9308100,0.743,109684100,0.744,127016200,0.745,108433700,0.746,77441000
sh513130,10:52:21,1764125545939,N/A,0,0.742,0.7422,-0.0269,0.0,0.9106,2.8192,0,0,0.742,0.996,0.741,107941800,0.740,123948800,0.739,88017900,0.738,66206400,0.737,43175800,0.742,9308100,0.743,109684100,0.744,127016200,0.745,108433700,0.746,77441000
sh513130,10:52:24,1764125546945,N/A,0,0.742,0.7428,-0.1077,0.0,0.9106,3.2694,5938200,4406144,0.742,1.007,0.742,12211000,0.741,99975700,0.740,122094900,0.739,88017900,0.738,65906400,0.743,109685500,0.744,126016200,0.745,109707000,0.746,77429100,0.747,89484000
sh513130,10:52:24,1764125547951,N/A,0,0.742,0.7428,-0.1077,0.0,0.9106,2.8485,0,0,0.742,1.006,0.742,12211000,0.741,99975700,0.740,122094900,0.739,88017900,0.738,65906400,0.743,109685500,0.744,126016200,0.745,109707000,0.746,77429100,0.747,89484000
sh513130,10:52:24,1764125548948,N/A,0,0.742,0.7428,-0.1077,0.0,0.9106,5.7664,0,0,0.742,0.997,0.742,12211000,0.741,99975700,0.740,122094900,0.739,88017900,0.738,65906400,0.743,109685500,0.744,126016200,0.745,109707000,0.746,77429100,0.747,89484000
sh513130,10:52:24,1764125549946,N/A,0,0.742,0.7428,-0.1077,0.0,0.9106,6.0422,0,0,0.742,0.998,0.742,12211000,0.741,99975700,0.740,122094900,0.739,88017900,0.738,65906400,0.743,109685500,0.744,126016200,0.745,109707000,0.746,77429100,0.747,89484000
sh513130,10:52:27,1764125550962,N/A,0,0.742,0.7428,-0.1077,0.0,0.9106,5.9636,145700,108110,0.742,1.016,0.742,33290500,0.741,108391800,0.740,113703400,0.739,82617900,0.738,65906400,0.743,109054400,0.744,126285200,0.745,111418800,0.746,77569100,0.747,89484000
sh513130,10:52:27,1764125552007,N/A,0,0.742,0.7428,-0.1077,0.0,0.9106,4.715,0,0,0.742,1.046,0.742,33290500,0.741,108391800,0.740,113703400,0.739,82617900,0.738,65906400,0.743,109054400,0.744,126285200,0.745,111418800,0.746,77569100,0.747,89484000
sh513130,10:52:30,1764125553052,N/A,0,0.742,0.7428,-0.1077,0.0,0.9106,4.4995,34300,25450,0.742,1.045,0.742,34636300,0.741,108275900,0.740,113693400,0.739,82617900,0.738,65906400,0.743,109054400,0.744,126290200,0.745,111418800,0.746,77549100,0.747,89484000
sh513130,10:52:30,1764125553958,N/A,0,0.742,0.7428,-0.1077,0.0,0.9106,4.2579,0,0,0.742,0.906,0.742,34636300,0.741,108275900,0.740,113693400,0.739,82617900,0.738,65906400,0.743,109054400,0.744,126290200,0.745,111418800,0.746,77549100,0.747,89484000
sh513130,10:52:33,1764125555012,N/A,0,0.742,0.7429,-0.1211,0.0,0.9106,3.3059,152000,112794,0.7421,1.054,0.742,36037700,0.741,106513600,0.740,113704700,0.739,82617900,0.738,65904000,0.743,108965700,0.744,126482800,0.745,111433800,0.746,77549100,0.747,89484000
sh513130,10:52:33,1764125555951,N/A,0,0.742,0.7429,-0.1211,0.0,0.9106,2.8584,0,0,0.742,0.939,0.742,36037700,0.741,106513600,0.740,113704700,0.739,82617900,0.738,65904000,0.743,108965700,0.744,126482800,0.745,111433800,0.746,77549100,0.747,89484000
sh513130,10:52:33,1764125557118,N/A,0,0.742,0.7429,-0.1211,0.0,0.9106,2.6698,0,0,0.742,1.168,0.742,36037700,0.741,106513600,0.740,113704700,0.739,82617900,0.738,65904000,0.743,108965700,0.744,126482800,0.745,111433800,0.746,77549100,0.747,89484000
sh513130,10:52:36,1764125557962,N/A,0,0.743,0.7429,0.0135,0.0,0.9106,2.2518,675200,501008,0.742,0.844,0.742,36610900,0.741,106467000,0.740,113704700,0.739,82322100,0.738,65916600,0.743,109065100,0.744,118482800,0.745,119434000,0.746,77549100,0.747,89484000
sh513130,10:52:36,1764125558950,N/A,0,0.743,0.7429,0.0135,0.0,0.9106,2.1428,0,0,0.743,0.988,0.742,36610900,0.741,106467000,0.740,113704700,0.739,82322100,0.738,65916600,0.743,109065100,0.744,118482800,0.745,119434000,0.746,77549100,0.747,89484000
sh513130,10:52:36,1764125559968,N/A,0,0.743,0.7429,0.0135,0.0,0.9106,6.0266,0,0,0.743,1.017,0.742,36610900,0.741,106467000,0.740,113704700,0.739,82322100,0.738,65916600,0.743,109065100,0.744,118482800,0.745,119434000,0.746,77549100,0.747,89484000
sh513130,10:52:39,1764125560959,N/A,0,0.743,0.7429,0.0135,0.0,0.9106,5.2939,101800,75550,0.7421,0.992,0.742,38299100,0.741,106742100,0.740,113768200,0.739,82322100,0.738,65916600,0.743,108814800,0.744,118482800,0.745,119401600,0.746,77549100,0.747,89484000
sh513130,10:52:39,1764125561979,N/A,0,0.743,0.7429,0.0135,0.0,0.9106,5.8921,0,0,0.743,1.019,0.742,38299100,0.741,106742100,0.740,113768200,0.739,82322100,0.738,65916600,0.743,108814800,0.744,118482800,0.745,119401600,0.746,77549100,0.747,89484000
sh513130,10:52:39,1764125562968,N/A,0,0.743,0.7429,0.0135,0.0,0.9106,4.0471,0,0,0.743,0.99,0.742,38299100,0.741,106742100,0.740,113768200,0.739,82322100,0.738,65916600,0.743,108814800,0.744,118482800,0.745,119401600,0.746,77549100,0.747,89484000
sh513130,10:52:42,1764125563974,N/A,0,0.742,0.7429,-0.1211,0.0,0.9106,4.0038,909100,674555,0.742,1.006,0.742,42017500,0.741,106248100,0.740,113646500,0.739,82322100,0.738,65934300,0.743,107416800,0.744,119472800,0.745,120518700,0.746,77649100,0.747,89484000
sh513130,10:52:42,1764125564968,N/A,0,0.742,0.7429,-0.1211,0.0,0.9106,3.8433,0,0,0.742,0.994,0.742,42017500,0.741,106248100,0.740,113646500,0.739,82322100,0.738,65934300,0.743,107416800,0.744,119472800,0.745,120518700,0.746,77649100,0.747,89484000
sh513130,10:52:42,1764125565974,N/A,0,0.742,0.7429,-0.1211,0.0,0.9106,3.8433,0,0,0.742,1.006,0.742,42017500,0.741,106248100,0.740,113646500,0.739,82322100,0.738,65934300,0.743,107416800,0.744,119472800,0.745,120518700,0.746,77649100,0.747,89484000
sh513130,10:52:45,1764125567026,N/A,0,0.743,0.7429,0.0135,0.0,0.9106,3.8349,100500,74651,0.7428,1.053,0.742,53832900,0.741,97632500,0.740,113661900,0.739,80822100,0.738,49937500,0.743,107462800,0.744,118531300,0.745,120389700,0.746,77649100,0.747,89529000
sh513130,10:52:45,1764125567969,N/A,0,0.743,0.7429,0.0135,0.0,0.9106,3.6568,0,0,0.743,0.943,0.742,53832900,0.741,97632500,0.740,113661900,0.739,80822100,0.738,49937500,0.743,107462800,0.744,118531300,0.745,120389700,0.746,77649100,0.747,89529000
sh513130,10:52:45,1764125568977,N/A,0,0.743,0.7429,0.0135,0.0,0.9106,6.1515,0,0,0.743,1.008,0.742,53832900,0.741,97632500,0.740,113661900,0.739,80822100,0.738,49937500,0.743,107462800,0.744,118531300,0.745,120389700,0.746,77649100,0.747,89529000
sh513130,10:52:45,1764125569985,N/A,0,0.743,0.7429,0.0135,0.0,0.9106,5.4829,0,0,0.743,1.008,0.742,53832900,0.741,97632500,0.740,113661900,0.739,80822100,0.738,49937500,0.743,107462800,0.744,118531300,0.745,120389700,0.746,77649100,0.747,89529000
sh513130,10:52:45,1764125570994,N/A,0,0.743,0.7429,0.0135,0.0,0.9106,4.5307,0,0,0.743,1.008,0.742,53832900,0.741,97632500,0.740,113661900,0.739,80822100,0.738,49937500,0.743,107462800,0.744,118531300,0.745,120389700,0.746,77649100,0.747,89529000
sh513130,10:52:48,1764125571976,N/A,0,0.742,0.7429,-0.1211,0.0,0.9106,3.8553,97300,72237,0.7424,0.982,0.742,82681200,0.741,98627100,0.740,113655600,0.739,68787100,0.738,49937500,0.743,107369800,0.744,118477300,0.745,120389700,0.746,77649100,0.747,89469000
sh513130,10:52:51,1764125572980,N/A,0,0.743,0.7429,0.0135,0.0,0.9106,3.4386,45100,33510,0.743,1.004,0.742,44827400,0.741,107564600,0.740,113838700,0.739,82322100,0.738,65934300,0.743,107330200,0.744,119477300,0.745,120389700,0.746,77899100,0.747,89493400
sh513130,10:52:51,1764125573998,N/A,0,0.743,0.7429,0.0135,0.0,0.9106,1.9763,0,0,0.743,1.018,0.742,44827400,0.741,107564600,0.740,113838700,0.739,82322100,0.738,65934300,0.743,107330200,0.744,119477300,0.745,120389700,0.746,77899100,0.747,89493400
sh513130,10:52:51,1764125574994,N/A,0,0.743,0.7429,0.0135,0.0,0.9106,2.0959,0,0,0.743,0.996,0.742,44827400,0.741,107564600,0.740,113838700,0.739,82322100,0.738,65934300,0.743,107330200,0.744,119477300,0.745,120389700,0.746,77899100,0.747,89493400
sh513130,10:52:54,1764125575989,N/A,0,0.742,0.7429,-0.1211,0.0,0.9106,1.7201,145700,108186,0.7425,0.995,0.742,47362000,0.741,107679500,0.740,113817700,0.739,80822100,0.738,65934300,0.743,107173200,0.744,119443300,0.745,120389700,0.746,77899100,0.747,89485400
sh513130,10:52:54,1764125576997,N/A,0,0.742,0.7429,-0.1211,0.0,0.9106,1.6356,0,0,0.742,1.009,0.742,47362000,0.741,107679500,0.740,113817700,0.739,80822100,0.738,65934300,0.743,107173200,0.744,119443300,0.745,120389700,0.746,77899100,0.747,89485400
sh513130,10:52:54,1764125577982,N/A,0,0.742,0.7429,-0.1211,0.0,0.9106,1.8476,0,0,0.742,0.985,0.742,47362000,0.741,107679500,0.740,113817700,0.739,80822100,0.738,65934300,0.743,107173200,0.744,119443300,0.745,120389700,0.746,77899100,0.747,89485400
sh513130,10:52:54,1764125578991,N/A,0,0.742,0.7429,-0.1211,0.0,0.9106,2.184,0,0,0.742,1.009,0.742,47362000,0.741,107679500,0.740,113817700,0.739,80822100,0.738,65934300,0.743,107173200,0.744,119443300,0.745,120389700,0.746,77899100,0.747,89485400
sh513130,10:52:57,1764125580004,N/A,0,0.742,0.7429,-0.1211,0.0,0.9106,2.3212,0,0,0.742,1.012,0.742,55001900,0.741,99643100,0.740,113860800,0.739,82322100,0.738,65907200,0.743,107182800,0.744,118443300,0.745,120362700,0.746,77885600,0.747,89485400
sh513130,10:52:57,1764125580991,N/A,0,0.742,0.7429,-0.1211,0.0,0.9106,2.0807,0,0,0.742,0.987,0.742,55001900,0.741,99643100,0.740,113860800,0.739,82322100,0.738,65907200,0.743,107182800,0.744,118443300,0.745,120362700,0.746,77885600,0.747,89485400
sh513130,10:52:57,1764125582003,N/A,0,0.742,0.7429,-0.1211,0.0,0.9106,3.8157,0,0,0.742,1.012,0.742,55001900,0.741,99643100,0.740,113860800,0.739,82322100,0.738,65907200,0.743,107182800,0.744,118443300,0.745,120362700,0.746,77885600,0.747,89485400
sh513130,10:53:00,1764125583003,N/A,0,0.742,0.7429,-0.1211,0.0,0.9106,3.3338,0,0,0.742,1.0,0.742,86001400,0.741,99643900,0.740,113907200,0.739,68787100,0.738,49910600,0.743,105972000,0.744,118444100,0.745,121191600,0.746,79037600,0.747,89512800
sh513130,10:53:00,1764125583991,N/A,0,0.742,0.7429,-0.1211,0.0,0.9106,3.7513,0,0,0.742,0.988,0.742,86001400,0.741,99643900,0.740,113907200,0.739,68787100,0.738,49910600,0.743,105972000,0.744,118444100,0.745,121191600,0.746,79037600,0.747,89512800
sh513130,10:53:03,1764125585009,N/A,0,0.743,0.7429,0.0135,0.0,0.9106,4.2364,125700,93387,0.7429,1.018,0.742,86998300,0.741,99697900,0.740,112922600,0.739,68787200,0.738,49910600,0.743,105394400,0.744,118530600,0.745,123060000,0.746,78612600,0.747,89512800
sh513130,10:53:03,1764125586011,N/A,0,0.743,0.7429,0.0135,0.0,0.9106,4.0492,0,0,0.743,1.002,0.742,86998300,0.741,99697900,0.740,112922600,0.739,68787200,0.738,49910600,0.743,105394400,0.744,118530600,0.745,123060000,0.746,78612600,0.747,89512800
sh513130,10:53:03,1764125587013,N/A,0,0.743,0.7429,0.0135,0.0,0.9106,4.066,0,0,0.743,1.002,0.742,86998300,0.741,99697900,0.740,112922600,0.739,68787200,0.738,49910600,0.743,105394400,0.744,118530600,0.745,123060000,0.746,78612600,0.747,89512800
sh513130,10:53:06,1764125588002,N/A,0,0.743,0.7429,0.0135,0.0,0.9106,3.8739,578700,429915,0.7429,0.989,0.742,87240700,0.741,99974600,0.740,112922600,0.739,68812200,0.738,49910700,0.743,104624900,0.744,118584800,0.745,123915900,0.746,78639400,0.747,89512800
sh513130,10:53:06,1764125589009,N/A,0,0.743,0.7429,0.0135,0.0,0.9106,4.8353,0,0,0.743,1.007,0.742,87240700,0.741,99974600,0.740,112922600,0.739,68812200,0.738,49910700,0.743,104624900,0.744,118584800,0.745,123915900,0.746,78639400,0.747,89512800
sh513130,10:53:06,1764125590005,N/A,0,0.743,0.7429,0.0135,0.0,0.9106,4.169,0,0,0.743,0.996,0.742,87240700,0.741,99974600,0.740,112922600,0.739,68812200,0.738,49910700,0.743,104624900,0.744,118584800,0.745,123915900,0.746,78639400,0.747,89512800
sh513130,10:53:06,1764125591008,N/A,0,0.743,0.7429,0.0135,0.0,0.9106,4.0228,0,0,0.743,1.004,0.742,87240700,0.741,99974600,0.740,112922600,0.739,68812200,0.738,49910700,0.743,104624900,0.744,118584800,0.745,123915900,0.746,78639400,0.747,89512800
sh513130,10:53:09,1764125592010,N/A,0,0.743,0.7429,0.0135,0.0,0.9106,4.1157,31100,23107,0.743,1.001,0.742,87516400,0.741,100680400,0.740,112932200,0.739,68812200,0.738,49918100,0.743,104824600,0.744,118660900,0.745,124771800,0.746,78239400,0.747,89512900
sh513130,10:53:09,1764125593089,N/A,0,0.743,0.7429,0.0135,0.0,0.9106,3.4388,0,0,0.743,1.079,0.742,87516400,0.741,100680400,0.740,112932200,0.739,68812200,0.738,49918100,0.743,104824600,0.744,118660900,0.745,124771800,0.746,78239400,0.747,89512900
sh513130,10:53:09,1764125594024,N/A,0,0.743,0.7429,0.0135,0.0,0.9106,3.4256,0,0,0.743,0.935,0.742,87516400,0.741,100680400,0.740,112932200,0.739,68812200,0.738,49918100,0.743,104824600,0.744,118660900,0.745,124771800,0.746,78239400,0.747,89512900
sh513130,10:53:12,1764125595017,N/A,0,0.742,0.7429,-0.1211,0.0,0.9106,3.0615,10000,7420,0.742,0.994,0.742,80506600,0.741,100724000,0.740,112732200,0.739,68812200,0.738,49908100,0.743,106096600,0.744,118893900,0.745,124357800,0.746,78239400,0.747,89512900
sh513130,10:53:12,1764125596017,N/A,0,0.742,0.7429,-0.1211,0.0,0.9106,3.4715,0,0,0.742,1.0,0.742,80506600,0.741,100724000,0.740,112732200,0.739,68812200,0.738,49908100,0.743,106096600,0.744,118893900,0.745,124357800,0.746,78239400,0.747,89512900
sh513130,10:53:15,1764125597018,N/A,0,0.743,0.7429,0.0135,0.0,0.9106,4.0508,52900,39295,0.7428,1.001,0.742,88781200,0.741,100664000,0.740,112737500,0.739,68882200,0.738,49838100,0.743,106095700,0.744,119084300,0.745,124337200,0.746,78260000,0.747,89512900
sh513130,10:53:15,1764125598018,N/A,0,0.743,0.7429,0.0135,0.0,0.9106,3.6155,0,0,0.743,1.0,0.742,88781200,0.741,100664000,0.740,112737500,0.739,68882200,0.738,49838100,0.743,106095700,0.744,119084300,0.745,124337200,0.746,78260000,0.747,89512900
sh513130,10:53:15,1764125599017,N/A,0,0.743,0.7429,0.0135,0.0,0.9106,2.9148,0,0,0.743,0.999,0.742,88781200,0.741,100664000,0.740,112737500,0.739,68882200,0.738,49838100,0.743,106095700,0.744,119084300,0.745,124337200,0.746,78260000,0.747,89512900
sh513130,10:53:18,1764125600024,N/A,0,0.743,0.7429,0.0135,0.0,0.9106,2.7768,22300,16569,0.743,1.006,0.742,87792000,0.741,100696100,0.740,113530300,0.739,68882200,0.738,49838100,0.743,106300100,0.744,119124300,0.745,124337200,0.746,77871600,0.747,89512900
sh513130,10:53:18,1764125601021,N/A,0,0.743,0.7429,0.0135,0.0,0.9106,2.6429,0,0,0.743,0.998,0.742,87792000,0.741,100696100,0.740,113530300,0.739,68882200,0.738,49838100,0.743,106300100,0.744,119124300,0.745,124337200,0.746,77871600,0.747,89512900
sh513130,10:53:18,1764125602026,N/A,0,0.743,0.7429,0.0135,0.0,0.9106,2.3047,0,0,0.743,1.005,0.742,87792000,0.741,100696100,0.740,113530300,0.739,68882200,0.738,49838100,0.743,106300100,0.744,119124300,0.745,124337200,0.746,77871600,0.747,89512900
sh513130,10:53:18,1764125603038,N/A,0,0.743,0.7429,0.0135,0.0,0.9106,2.0996,0,0,0.743,1.011,0.742,87792000,0.741,100696100,0.740,113530300,0.739,68882200,0.738,49838100,0.743,106300100,0.744,119124300,0.745,124337200,0.746,77871600,0.747,89512900
sh513130,10:53:21,1764125604029,N/A,0,0.743,0.7429,0.0135,0.0,0.9106,1.9975,14400,10687,0.7422,0.992,0.742,48989400,0.741,109096100,0.740,113618300,0.739,82420600,0.738,65834900,0.743,105976400,0.744,120037800,0.745,124344700,0.746,77871600,0.747,89512900
sh513130,10:53:21,1764125605039,N/A,0,0.743,0.7429,0.0135,0.0,0.9106,1.4886,0,0,0.743,1.01,0.742,48989400,0.741,109096100,0.740,113618300,0.739,82420600,0.738,65834900,0.743,105976400,0.744,120037800,0.745,124344700,0.746,77871600,0.747,89512900
sh513130,10:53:21,1764125606033,N/A,0,0.743,0.7429,0.0135,0.0,0.9106,1.5074,0,0,0.743,0.994,0.742,48989400,0.741,109096100,0.740,113618300,0.739,82420600,0.738,65834900,0.743,105976400,0.744,120037800,0.745,124344700,0.746,77871600,0.747,89512900
sh513130,10:53:24,1764125607032,N/A,0,0.743,0.7429,0.0135,0.0,0.9106,0.8509,1000,743,0.743,0.999,0.742,75867400,0.741,100982600,0.740,114144400,0.739,80853000,0.738,49839400,0.743,105486200,0.744,119117800,0.745,124344700,0.746,77871600,0.747,89515900
sh513130,10:53:24,1764125608032,N/A,0,0.743,0.7429,0.0135,0.0,0.9106,1.3071,0,0,0.743,1.001,0.742,75867400,0.741,100982600,0.740,114144400,0.739,80853000,0.738,49839400,0.743,105486200,0.744,119117800,0.745,124344700,0.746,77871600,0.747,89515900
sh513130,10:53:24,1764125609029,N/A,0,0.743,0.7429,0.0135,0.0,0.9106,2.1626,0,0,0.743,0.996,0.742,75867400,0.741,100982600,0.740,114144400,0.739,80853000,0.738,49839400,0.743,105486200,0.744,119117800,0.745,124344700,0.746,77871600,0.747,89515900
sh513130,10:53:27,1764125610033,N/A,0,0.743,0.7429,0.0135,0.0,0.9106,2.1072,32200,23925,0.743,1.005,0.742,49126000,0.741,109449500,0.740,114144400,0.739,82353000,0.738,65836200,0.743,105454000,0.744,120137800,0.745,124441100,0.746,78150100,0.747,89515900
sh513130,10:53:27,1764125611041,N/A,0,0.743,0.7429,0.0135,0.0,0.9106,2.7573,0,0,0.743,1.008,0.742,49126000,0.741,109449500,0.740,114144400,0.739,82353000,0.738,65836200,0.743,105454000,0.744,120137800,0.745,124441100,0.746,78150100,0.747,89515900
sh513130,10:53:30,1764125612053,N/A,0,0.742,0.7429,-0.1211,0.0,0.9106,2.4132,143200,106288,0.7422,1.012,0.742,23693400,0.741,109443200,0.740,114041100,0.739,86798100,0.738,65836200,0.743,106490200,0.744,120275200,0.745,123782000,0.746,78206900,0.747,89515900
sh513130,10:53:30,1764125613049,N/A,0,0.742,0.7429,-0.1211,0.0,0.9106,3.3482,0,0,0.742,0.996,0.742,23693400,0.741,109443200,0.740,114041100,0.739,86798100,0.738,65836200,0.743,106490200,0.744,120275200,0.745,123782000,0.746,78206900,0.747,89515900
sh513130,10:53:30,1764125614072,N/A,0,0.742,0.7429,-0.1211,0.0,0.9106,3.3482,0,0,0.742,1.024,0.742,23693400,0.741,109443200,0.740,114041100,0.739,86798100,0.738,65836200,0.743,106490200,0.744,120275200,0.745,123782000,0.746,78206900,0.747,89515900
sh513130,10:53:33,1764125615051,N/A,0,0.742,0.7429,-0.1211,0.0,0.9106,3.6621,86400,64158,0.7426,0.979,0.742,28610100,0.741,109443300,0.740,114387900,0.739,81798100,0.738,65790100,0.743,106200100,0.744,120534200,0.745,123733500,0.746,78256900,0.747,89465500
sh513130,10:53:33,1764125616047,N/A,0,0.742,0.7429,-0.1211,0.0,0.9106,3.4901,0,0,0.742,0.995,0.742,28610100,0.741,109443300,0.740,114387900,0.739,81798100,0.738,65790100,0.743,106200100,0.744,120534200,0.745,123733500,0.746,78256900,0.747,89465500
sh513130,10:53:33,1764125617076,N/A,0,0.742,0.7429,-0.1211,0.0,0.9106,3.0413,0,0,0.742,1.029,0.742,28610100,0.741,109443300,0.740,114387900,0.739,81798100,0.738,65790100,0.743,106200100,0.744,120534200,0.745,123733500,0.746,78256900,0.747,89465500
sh513130,10:53:36,1764125618092,N/A,0,0.742,0.7429,-0.1211,0.0,0.9106,4.382,600100,445275,0.742,1.016,0.742,28977800,0.741,109423300,0.740,115249500,0.739,81798100,0.738,65790100,0.743,106721300,0.744,120534200,0.745,123736500,0.746,78328400,0.747,89475500
sh513130,10:53:36,1764125619056,N/A,0,0.742,0.7429,-0.1211,0.0,0.9106,3.9822,0,0,0.742,0.964,0.742,28977800,0.741,109423300,0.740,115249500,0.739,81798100,0.738,65790100,0.743,106721300,0.744,120534200,0.745,123736500,0.746,78328400,0.747,89475500
sh513130,10:53:36,1764125620057,N/A,0,0.742,0.7429,-0.1211,0.0,0.9106,5.104,0,0,0.742,1.001,0.742,28977800,0.741,109423300,0.740,115249500,0.739,81798100,0.738,65790100,0.743,106721300,0.744,120534200,0.745,123736500,0.746,78328400,0.747,89475500
sh513130,10:53:39,1764125621057,N/A,0,0.743,0.7429,0.0135,0.0,0.9106,4.688,67200,49929,0.743,1.0,0.742,28593400,0.741,109532700,0.740,116067400,0.739,81798100,0.738,65790100,0.743,106669900,0.744,120434200,0.745,123801800,0.746,78547600,0.747,89475500
sh513130,10:53:39,1764125622118,N/A,0,0.743,0.7429,0.0135,0.0,0.9106,4.1313,0,0,0.743,1.061,0.742,28593400,0.741,109532700,0.740,116067400,0.739,81798100,0.738,65790100,0.743,106669900,0.744,120434200,0.745,123801800,0.746,78547600,0.747,89475500
sh513130,10:53:39,1764125623065,N/A,0,0.743,0.7429,0.0135,0.0,0.9106,3.3921,0,0,0.743,0.947,0.742,28593400,0.741,109532700,0.740,116067400,0.739,81798100,0.738,65790100,0.743,106669900,0.744,120434200,0.745,123801800,0.746,78547600,0.747,89475500
sh513130,10:53:39,1764125624061,N/A,0,0.743,0.7429,0.0135,0.0,0.9106,5.1579,0,0,0.743,0.996,0.742,28593400,0.741,109532700,0.740,116067400,0.739,81798100,0.738,65790100,0.743,106669900,0.744,120434200,0.745,123801800,0.746,78547600,0.747,89475500
sh513130,10:53:42,1764125625062,N/A,0,0.743,0.7429,0.0135,0.0,0.9106,4.304,1012300,752135,0.743,1.001,0.742,28680700,0.741,109499300,0.740,116926200,0.739,81798100,0.738,65790100,0.743,105723600,0.744,120468400,0.745,123821800,0.746,78581600,0.747,89475500
sh513130,10:53:42,1764125626060,N/A,0,0.743,0.7429,0.0135,0.0,0.9106,4.503,0,0,0.743,0.998,0.742,28680700,0.741,109499300,0.740,116926200,0.739,81798100,0.738,65790100,0.743,105723600,0.744,120468400,0.745,123821800,0.746,78581600,0.747,89475500
sh513130,10:53:42,1764125627078,N/A,0,0.743,0.7429,0.0135,0.0,0.9106,4.966,0,0,0.743,1.018,0.742,28680700,0.741,109499300,0.740,116926200,0.739,81798100,0.738,65790100,0.743,105723600,0.744,120468400,0.745,123821800,0.746,78581600,0.747,89475500
sh513130,10:53:45,1764125628073,N/A,0,0.743,0.7429,0.0135,0.0,0.9106,3.974,85700,63675,0.743,0.996,0.742,30783600,0.741,109826800,0.740,117604400,0.739,81798100,0.738,65790100,0.743,105816200,0.744,120262800,0.745,123821800,0.746,78581600,0.747,89594900
sh513130,10:53:45,1764125629073,N/A,0,0.743,0.7429,0.0135,0.0,0.9106,5.792,0,0,0.743,1.0,0.742,30783600,0.741,109826800,0.740,117604400,0.739,81798100,0.738,65790100,0.743,105816200,0.744,120262800,0.745,123821800,0.746,78581600,0.747,89594900
sh513130,10:53:45,1764125630072,N/A,0,0.743,0.7429,0.0135,0.0,0.9106,5.0391,0,0,0.743,0.999,0.742,30783600,0.741,109826800,0.740,117604400,0.739,81798100,0.738,65790100,0.743,105816200,0.744,120262800,0.745,123821800,0.746,78581600,0.747,89594900
sh513130,10:53:48,1764125631073,N/A,0,0.743,0.7429,0.0135,0.0,0.9106,3.7465,70000,52010,0.743,1.0,0.742,16785700,0.741,109871500,0.740,119364200,0.739,87102500,0.738,65790100,0.743,105987700,0.744,120296300,0.745,123836800,0.746,79164700,0.747,90421800
sh513130,10:53:48,1764125632071,N/A,0,0.743,0.7429,0.0135,0.0,0.9106,3.5562,0,0,0.743,0.999,0.742,16785700,0.741,109871500,0.740,119364200,0.739,87102500,0.738,65790100,0.743,105987700,0.744,120296300,0.745,123836800,0.746,79164700,0.747,90421800
sh513130,10:53:48,1764125633082,N/A,0,0.743,0.7429,0.0135,0.0,0.9106,3.4368,0,0,0.743,1.011,0.742,16785700,0.741,109871500,0.740,119364200,0.739,87102500,0.738,65790100,0.743,105987700,0.744,120296300,0.745,123836800,0.746,79164700,0.747,90421800
sh513130,10:53:51,1764125634083,N/A,0,0.742,0.7429,-0.1211,0.0,0.9106,2.996,781900,580171,0.742,1.001,0.742,15539300,0.741,110505900,0.740,120268100,0.739,87102500,0.738,65770100,0.743,106018700,0.744,120286300,0.745,123858000,0.746,79114700,0.747,90421800
sh513130,10:53:51,1764125635087,N/A,0,0.742,0.7429,-0.1211,0.0,0.9106,3.2824,0,0,0.742,1.004,0.742,15539300,0.741,110505900,0.740,120268100,0.739,87102500,0.738,65770100,0.743,106018700,0.744,120286300,0.745,123858000,0.746,79114700,0.747,90421800
sh513130,10:53:54,1764125636082,N/A,0,0.742,0.7429,-0.1211,0.0,0.9106,2.8254,114100,84663,0.742,0.995,0.742,21292300,0.741,110512600,0.740,121109700,0.739,87102500,0.738,65770100,0.743,106070800,0.744,120323200,0.745,123873000,0.746,79114700,0.747,90458500
sh513130,10:53:54,1764125637091,N/A,0,0.742,0.7429,-0.1211,0.0,0.9106,2.9522,0,0,0.742,1.009,0.742,21292300,0.741,110512600,0.740,121109700,0.739,87102500,0.738,65770100,0.743,106070800,0.744,120323200,0.745,123873000,0.746,79114700,0.747,90458500
sh513130,10:53:54,1764125638076,N/A,0,0.742,0.7429,-0.1211,0.0,0.9106,2.8127,0,0,0.742,0.985,0.742,21292300,0.741,110512600,0.740,121109700,0.739,87102500,0.738,65770100,0.743,106070800,0.744,120323200,0.745,123873000,0.746,79114700,0.747,90458500
sh513130,10:53:54,1764125639076,N/A,0,0.742,0.7429,-0.1211,0.0,0.9106,2.7764,0,0,0.742,1.0,0.742,21292300,0.741,110512600,0.740,121109700,0.739,87102500,0.738,65770100,0.743,106070800,0.744,120323200,0.745,123873000,0.746,79114700,0.747,90458500
sh513130,10:53:57,1764125640090,N/A,0,0.743,0.7429,0.0135,0.0,0.9106,2.4311,44900,33330,0.7423,1.014,0.742,33176000,0.741,110468200,0.740,114283700,0.739,81802500,0.738,65771100,0.743,105988300,0.744,119805600,0.745,123886500,0.746,79184700,0.747,90458500
sh513130,10:53:57,1764125641086,N/A,0,0.743,0.7429,0.0135,0.0,0.9106,2.3962,0,0,0.743,0.996,0.742,33176000,0.741,110468200,0.740,114283700,0.739,81802500,0.738,65771100,0.743,105988300,0.744,119805600,0.745,123886500,0.746,79184700,0.747,90458500
sh513130,10:53:57,1764125642079,N/A,0,0.743,0.7429,0.0135,0.0,0.9106,2.2807,0,0,0.743,0.993,0.742,33176000,0.741,110468200,0.740,114283700,0.739,81802500,0.738,65771100,0.743,105988300,0.744,119805600,0.745,123886500,0.746,79184700,0.747,90458500
sh513130,10:54:00,1764125643087,N/A,0,0.742,0.7429,-0.1211,0.0,0.9106,2.1216,57500,42722,0.743,1.008,0.742,33506600,0.741,110477100,0.740,114766400,0.739,81802500,0.738,65771100,0.743,105931200,0.744,120695800,0.745,123886500,0.746,79191700,0.747,90451500
sh513130,10:54:00,1764125644095,N/A,0,0.742,0.7429,-0.1211,0.0,0.9106,2.1608,0,0,0.742,1.008,0.742,33506600,0.741,110477100,0.740,114766400,0.739,81802500,0.738,65771100,0.743,105931200,0.744,120695800,0.745,123886500,0.746,79191700,0.747,90451500
sh513130,10:54:03,1764125645099,N/A,0,0.742,0.7429,-0.1211,0.0,0.9106,1.8642,18300,13594,0.7428,1.004,0.742,75280500,0.741,102068100,0.740,113043000,0.739,68267500,0.738,49812200,0.743,105503500,0.744,120014400,0.745,124923500,0.746,79196700,0.747,90451500
sh513130,10:54:03,1764125646091,N/A,0,0.742,0.7429,-0.1211,0.0,0.9106,3.3151,0,0,0.742,0.993,0.742,75280500,0.741,102068100,0.740,113043000,0.739,68267500,0.738,49812200,0.743,105503500,0.744,120014400,0.745,124923500,0.746,79196700,0.747,90451500
sh513130,10:54:03,1764125647103,N/A,0,0.742,0.7429,-0.1211,0.0,0.9106,3.5197,0,0,0.742,1.012,0.742,75280500,0.741,102068100,0.740,113043000,0.739,68267500,0.738,49812200,0.743,105503500,0.744,120014400,0.745,124923500,0.746,79196700,0.747,90451500
sh513130,10:54:03,1764125648104,N/A,0,0.742,0.7429,-0.1211,0.0,0.9106,2.9481,0,0,0.742,1.001,0.742,75280500,0.741,102068100,0.740,113043000,0.739,68267500,0.738,49812200,0.743,105503500,0.744,120014400,0.745,124923500,0.746,79196700,0.747,90451500
sh513130,10:54:06,1764125649104,N/A,0,0.743,0.7429,0.0135,0.0,0.9106,4.0621,27100,20135,0.743,1.0,0.742,52208000,0.741,102049100,0.740,113087400,0.739,68269500,0.738,49852600,0.743,104624100,0.744,120031100,0.745,125939200,0.746,79646700,0.747,90451500
sh513130,10:54:06,1764125650094,N/A,0,0.743,0.7429,0.0135,0.0,0.9106,3.2759,0,0,0.743,0.99,0.742,52208000,0.741,102049100,0.740,113087400,0.739,68269500,0.738,49852600,0.743,104624100,0.744,120031100,0.745,125939200,0.746,79646700,0.747,90451500
sh513130,10:54:09,1764125651096,N/A,0,0.742,0.7429,-0.1211,0.0,0.9106,2.7949,2100,1559,0.7424,1.003,0.742,78157000,0.741,102282200,0.740,113097400,0.739,68269500,0.738,49976800,0.743,104727000,0.744,120031100,0.745,125925800,0.746,79551700,0.747,90431500
sh513130,10:54:09,1764125652106,N/A,0,0.742,0.7429,-0.1211,0.0,0.9106,2.3866,0,0,0.742,1.01,0.742,78157000,0.741,102282200,0.740,113097400,0.739,68269500,0.738,49976800,0.743,104727000,0.744,120031100,0.745,125925800,0.746,79551700,0.747,90431500
sh513130,10:54:09,1764125653119,N/A,0,0.742,0.7429,-0.1211,0.0,0.9106,2.2716,0,0,0.742,1.013,0.742,78157000,0.741,102282200,0.740,113097400,0.739,68269500,0.738,49976800,0.743,104727000,0.744,120031100,0.745,125925800,0.746,79551700,0.747,90431500
sh513130,10:54:12,1764125654112,N/A,0,0.742,0.7429,-0.1211,0.0,0.9106,2.6762,0,0,0.742,0.993,0.742,79259000,0.741,102318200,0.740,113693700,0.739,68269500,0.738,49976800,0.743,104879000,0.744,120046100,0.745,125925800,0.746,79551700,0.747,90431700
sh513130,10:54:12,1764125655104,N/A,0,0.742,0.7429,-0.1211,0.0,0.9106,2.171,0,0,0.742,0.992,0.742,79259000,0.741,102318200,0.740,113693700,0.739,68269500,0.738,49976800,0.743,104879000,0.744,120046100,0.745,125925800,0.746,79551700,0.747,90431700
sh513130,10:54:12,1764125656106,N/A,0,0.742,0.7429,-0.1211,0.0,0.9106,2.1378,0,0,0.742,1.001,0.742,79259000,0.741,102318200,0.740,113693700,0.739,68269500,0.738,49976800,0.743,104879000,0.744,120046100,0.745,125925800,0.746,79551700,0.747,90431700
sh513130,10:54:12,1764125657104,N/A,0,0.742,0.7429,-0.1211,0.0,0.9106,2.5668,0,0,0.742,0.999,0.742,79259000,0.741,102318200,0.740,113693700,0.739,68269500,0.738,49976800,0.743,104879000,0.744,120046100,0.745,125925800,0.746,79551700,0.747,90431700
sh513130,10:54:15,1764125658117,N/A,0,0.742,0.7429,-0.1211,0.0,0.9106,2.5668,1000,742,0.742,1.012,0.742,80065500,0.741,102318200,0.740,113751700,0.739,68269500,0.738,49978500,0.743,104965300,0.744,120051100,0.745,125950800,0.746,79551700,0.747,90431700
sh513130,10:54:15,1764125659127,N/A,0,0.742,0.7429,-0.1211,0.0,0.9106,2.6038,0,0,0.742,1.01,0.742,80065500,0.741,102318200,0.740,113751700,0.739,68269500,0.738,49978500,0.743,104965300,0.744,120051100,0.745,125950800,0.746,79551700,0.747,90431700
sh513130,10:54:18,1764125660115,N/A,0,0.743,0.7429,0.0135,0.0,0.9106,3.4339,102200,75934,0.743,0.988,0.742,81386700,0.741,101758200,0.740,113743700,0.739,68269500,0.738,49978500,0.743,104862400,0.744,120051100,0.745,125950800,0.746,79551700,0.747,90431700
sh513130,10:54:18,1764125661113,N/A,0,0.743,0.7429,0.0135,0.0,0.9106,3.3691,0,0,0.743,0.998,0.742,81386700,0.741,101758200,0.740,113743700,0.739,68269500,0.738,49978500,0.743,104862400,0.744,120051100,0.745,125950800,0.746,79551700,0.747,90431700
sh513130,10:54:18,1764125662112,N/A,0,0.743,0.7429,0.0135,0.0,0.9106,3.4032,0,0,0.743,0.999,0.742,81386700,0.741,101758200,0.740,113743700,0.739,68269500,0.738,49978500,0.743,104862400,0.744,120051100,0.745,125950800,0.746,79551700,0.747,90431700
sh513130,10:54:18,1764125663114,N/A,0,0.743,0.7429,0.0135,0.0,0.9106,3.2341,0,0,0.743,1.001,0.742,81386700,0.741,101758200,0.740,113743700,0.739,68269500,0.738,49978500,0.743,104862400,0.744,120051100,0.745,125950800,0.746,79551700,0.747,90431700
sh513130,10:54:21,1764125664119,N/A,0,0.742,0.7429,-0.1211,0.0,0.9106,2.9791,6500,4823,0.742,1.006,0.742,81190800,0.741,102705200,0.740,113953200,0.739,68269500,0.738,49978500,0.743,104933200,0.744,120170000,0.745,126950800,0.746,79551900,0.747,90431700
sh513130,10:54:21,1764125665124,N/A,0,0.742,0.7429,-0.1211,0.0,0.9106,3.2343,0,0,0.742,1.005,0.742,81190800,0.741,102705200,0.740,113953200,0.739,68269500,0.738,49978500,0.743,104933200,0.744,120170000,0.745,126950800,0.746,79551900,0.747,90431700
sh513130,10:54:21,1764125666121,N/A,0,0.742,0.7429,-0.1211,0.0,0.9106,3.5978,0,0,0.742,0.997,0.742,81190800,0.741,102705200,0.740,113953200,0.739,68269500,0.738,49978500,0.743,104933200,0.744,120170000,0.745,126950800,0.746,79551900,0.747,90431700
sh513130,10:54:24,1764125667132,N/A,0,0.743,0.7429,0.0135,0.0,0.9106,3.1127,20000,14860,0.743,1.011,0.742,83751100,0.741,102505200,0.740,114305400,0.739,68269500,0.738,49978500,0.743,104886800,0.744,119762000,0.745,126950800,0.746,79512500,0.747,90431700
sh513130,10:54:24,1764125668119,N/A,0,0.743,0.7429,0.0135,0.0,0.9106,2.5805,0,0,0.743,0.987,0.742,83751100,0.741,102505200,0.740,114305400,0.739,68269500,0.738,49978500,0.743,104886800,0.744,119762000,0.745,126950800,0.746,79512500,0.747,90431700
sh513130,10:54:27,1764125669127,N/A,0,0.743,0.7429,0.0135,0.0,0.9106,2.9681,177300,131734,0.743,1.008,0.742,56709500,0.741,99320200,0.740,111061200,0.739,69019500,0.738,65975300,0.743,101235500,0.744,115820000,0.745,122998700,0.746,79262500,0.747,90431700
sh513130,10:54:27,1764125670128,N/A,0,0.743,0.7429,0.0135,0.0,0.9106,2.683,0,0,0.743,1.001,0.742,56709500,0.741,99320200,0.740,111061200,0.739,69019500,0.738,65975300,0.743,101235500,0.744,115820000,0.745,122998700,0.746,79262500,0.747,90431700
sh513130,10:54:27,1764125671134,N/A,0,0.743,0.7429,0.0135,0.0,0.9106,3.3413,0,0,0.743,1.006,0.742,56709500,0.741,99320200,0.740,111061200,0.739,69019500,0.738,65975300,0.743,101235500,0.744,115820000,0.745,122998700,0.746,79262500,0.747,90431700
sh513130,10:54:27,1764125672122,N/A,0,0.743,0.7429,0.0135,0.0,0.9106,3.5123,0,0,0.743,0.988,0.742,56709500,0.741,99320200,0.740,111061200,0.739,69019500,0.738,65975300,0.743,101235500,0.744,115820000,0.745,122998700,0.746,79262500,0.747,90431700
sh513130,10:54:30,1764125673138,N/A,0,0.743,0.7429,0.0135,0.0,0.9106,3.4603,8000,5944,0.743,1.017,0.742,80108200,0.741,99355200,0.740,111061200,0.739,70519500,0.738,49978500,0.743,101347500,0.744,115822000,0.745,123905200,0.746,78862500,0.747,90431700
sh513130,10:54:30,1764125674126,N/A,0,0.743,0.7429,0.0135,0.0,0.9106,3.4088,0,0,0.743,0.987,0.742,80108200,0.741,99355200,0.740,111061200,0.739,70519500,0.738,49978500,0.743,101347500,0.744,115822000,0.745,123905200,0.746,78862500,0.747,90431700
sh513130,10:54:30,1764125675142,N/A,0,0.743,0.7429,0.0135,0.0,0.9106,3.2068,0,0,0.743,1.016,0.742,80108200,0.741,99355200,0.740,111061200,0.739,70519500,0.738,49978500,0.743,101347500,0.744,115822000,0.745,123905200,0.746,78862500,0.747,90431700
sh513130,10:54:33,1764125676140,N/A,0,0.743,0.7429,0.0135,0.0,0.9106,2.8237,88600,65830,0.743,0.998,0.742,83994400,0.741,99357200,0.740,111061200,0.739,68179900,0.738,49978500,0.743,101252300,0.744,115832100,0.745,123905200,0.746,78862500,0.747,90431700
sh513130,10:54:33,1764125677133,N/A,0,0.743,0.7429,0.0135,0.0,0.9106,1.6004,0,0,0.743,0.993,0.742,83994400,0.741,99357200,0.740,111061200,0.739,68179900,0.738,49978500,0.743,101252300,0.744,115832100,0.745,123905200,0.746,78862500,0.747,90431700
sh513130,10:54:36,1764125678140,N/A,0,0.742,0.7429,-0.1211,0.0,0.9106,1.5217,218400,162061,0.742,1.007,0.742,49071400,0.741,108083200,0.740,110980200,0.739,78429900,0.738,65975300,0.743,100872500,0.744,116932100,0.745,124032500,0.746,78875400,0.747,90431700
sh513130,10:54:36,1764125679148,N/A,0,0.742,0.7429,-0.1211,0.0,0.9106,2.235,0,0,0.742,1.008,0.742,49071400,0.741,108083200,0.740,110980200,0.739,78429900,0.738,65975300,0.743,100872500,0.744,116932100,0.745,124032500,0.746,78875400,0.747,90431700
sh513130,10:54:36,1764125680140,N/A,0,0.742,0.7429,-0.1211,0.0,0.9106,4.3502,0,0,0.742,0.992,0.742,49071400,0.741,108083200,0.740,110980200,0.739,78429900,0.738,65975300,0.743,100872500,0.744,116932100,0.745,124032500,0.746,78875400,0.747,90431700
sh513130,10:54:39,1764125681150,N/A,0,0.742,0.7429,-0.1211,0.0,0.9106,3.7743,118000,87626,0.7426,1.01,0.742,48853900,0.741,108093200,0.740,110982200,0.739,78529900,0.738,65975300,0.743,101204500,0.744,116651300,0.745,124012400,0.746,78876800,0.747,90431700
sh513130,10:54:39,1764125682151,N/A,0,0.742,0.7429,-0.1211,0.0,0.9106,2.9347,0,0,0.742,1.0,0.742,48853900,0.741,108093200,0.740,110982200,0.739,78529900,0.738,65975300,0.743,101204500,0.744,116651300,0.745,124012400,0.746,78876800,0.747,90431700
sh513130,10:54:39,1764125683152,N/A,0,0.742,0.7429,-0.1211,0.0,0.9106,2.3461,0,0,0.742,1.001,0.742,48853900,0.741,108093200,0.740,110982200,0.739,78529900,0.738,65975300,0.743,101204500,0.744,116651300,0.745,124012400,0.746,78876800,0.747,90431700
sh513130,10:54:42,1764125684156,N/A,0,0.743,0.7429,0.0135,0.0,0.9106,3.279,70000,52010,0.743,1.004,0.742,44682400,0.741,109106200,0.740,111118900,0.739,78519900,0.738,65975300,0.743,101223000,0.744,116651300,0.745,123022400,0.746,78876800,0.747,90431700
sh513130,10:54:42,1764125685146,N/A,0,0.743,0.7429,0.0135,0.0,0.9106,3.279,0,0,0.743,0.99,0.742,44682400,0.741,109106200,0.740,111118900,0.739,78519900,0.738,65975300,0.743,101223000,0.744,116651300,0.745,123022400,0.746,78876800,0.747,90431700
sh513130,10:54:42,1764125686151,N/A,0,0.743,0.7429,0.0135,0.0,0.9106,3.6395,0,0,0.743,1.006,0.742,44682400,0.741,109106200,0.740,111118900,0.739,78519900,0.738,65975300,0.743,101223000,0.744,116651300,0.745,123022400,0.746,78876800,0.747,90431700
sh513130,10:54:45,1764125687150,N/A,0,0.743,0.7429,0.0135,0.0,0.9106,3.4757,156400,116205,0.743,0.999,0.742,49024500,0.741,109767200,0.740,111121800,0.739,78521900,0.738,65978900,0.743,101833800,0.744,116714400,0.745,122982000,0.746,78866800,0.747,90431700
sh513130,10:54:45,1764125688150,N/A,0,0.743,0.7429,0.0135,0.0,0.9106,3.5014,0,0,0.743,1.0,0.742,49024500,0.741,109767200,0.740,111121800,0.739,78521900,0.738,65978900,0.743,101833800,0.744,116714400,0.745,122982000,0.746,78866800,0.747,90431700
sh513130,10:54:45,1764125689155,N/A,0,0.743,0.7429,0.0135,0.0,0.9106,3.34,0,0,0.743,1.006,0.742,49024500,0.741,109767200,0.740,111121800,0.739,78521900,0.738,65978900,0.743,101833800,0.744,116714400,0.745,122982000,0.746,78866800,0.747,90431700
sh513130,10:54:48,1764125690156,N/A,0,0.743,0.7429,0.0135,0.0,0.9106,3.5165,2000,1486,0.743,1.001,0.742,48806200,0.741,109768700,0.740,111121800,0.739,78521900,0.738,66102500,0.743,101860300,0.744,116699400,0.745,122982000,0.746,78866800,0.747,90433600
sh513130,10:54:48,1764125691157,N/A,0,0.743,0.7429,0.0135,0.0,0.9106,3.417,0,0,0.743,1.001,0.742,48806200,0.741,109768700,0.740,111121800,0.739,78521900,0.738,66102500,0.743,101860300,0.744,116699400,0.745,122982000,0.746,78866800,0.747,90433600
sh513130,10:54:48,1764125692157,N/A,0,0.743,0.7429,0.0135,0.0,0.9106,3.5106,0,0,0.743,1.0,0.742,48806200,0.741,109768700,0.740,111121800,0.739,78521900,0.738,66102500,0.743,101860300,0.744,116699400,0.745,122982000,0.746,78866800,0.747,90433600
sh513130,10:54:51,1764125693168,N/A,0,0.743,0.7429,0.0135,0.0,0.9106,2.914,19000,14113,0.7428,1.011,0.742,34643300,0.741,110071600,0.740,111142200,0.739,83521900,0.738,66102500,0.743,101908300,0.744,116712800,0.745,122982000,0.746,78883800,0.747,90433600
sh513130,10:54:51,1764125694158,N/A,0,0.743,0.7429,0.0135,0.0,0.9106,2.7676,0,0,0.743,0.99,0.742,34643300,0.741,110071600,0.740,111142200,0.739,83521900,0.738,66102500,0.743,101908300,0.744,116712800,0.745,122982000,0.746,78883800,0.747,90433600
sh513130,10:54:51,1764125695164,N/A,0,0.743,0.7429,0.0135,0.0,0.9106,2.7765,0,0,0.743,1.006,0.742,34643300,0.741,110071600,0.740,111142200,0.739,83521900,0.738,66102500,0.743,101908300,0.744,116712800,0.745,122982000,0.746,78883800,0.747,90433600
sh513130,10:54:51,1764125696163,N/A,0,0.743,0.7429,0.0135,0.0,0.9106,2.6444,0,0,0.743,1.0,0.742,34643300,0.741,110071600,0.740,111142200,0.739,83521900,0.738,66102500,0.743,101908300,0.744,116712800,0.745,122982000,0.746,78883800,0.747,90433600
sh513130,10:54:54,1764125697164,N/A,0,0.742,0.7429,-0.1211,0.0,0.9106,3.5128,12375300,9182472,0.742,1.001,0.741,112361300,0.740,111973000,0.739,84221900,0.738,66102500,0.737,43461600,0.742,7967100,0.743,101951600,0.744,116712800,0.745,122982000,0.746,78873800
sh513130,10:54:54,1764125698165,N/A,0,0.742,0.7429,-0.1211,0.0,0.9106,3.0346,0,0,0.742,1.001,0.741,112361300,0.740,111973000,0.739,84221900,0.738,66102500,0.737,43461600,0.742,7967100,0.743,101951600,0.744,116712800,0.745,122982000,0.746,78873800
sh513130,10:54:54,1764125699169,N/A,0,0.742,0.7429,-0.1211,0.0,0.9106,3.333,0,0,0.742,1.004,0.741,112361300,0.740,111973000,0.739,84221900,0.738,66102500,0.737,43461600,0.742,7967100,0.743,101951600,0.744,116712800,0.745,122982000,0.746,78873800
sh513130,10:54:57,1764125700163,N/A,0,0.742,0.7429,-0.1211,0.0,0.9106,2.4894,733600,544332,0.742,0.994,0.741,111217700,0.740,113205100,0.739,85211900,0.738,66102500,0.737,43461600,0.742,14144800,0.743,102241100,0.744,116443800,0.745,121457000,0.746,78889500
sh513130,10:54:57,1764125701419,N/A,0,0.742,0.7429,-0.1211,0.0,0.9106,2.1185,0,0,0.742,1.256,0.741,111217700,0.740,113205100,0.739,85211900,0.738,66102500,0.737,43461600,0.742,14144800,0.743,102241100,0.744,116443800,0.745,121457000,0.746,78889500
sh513130,10:54:57,1764125702186,N/A,0,0.742,0.7429,-0.1211,0.0,0.9106,2.0156,0,0,0.742,0.767,0.741,111217700,0.740,113205100,0.739,85211900,0.738,66102500,0.737,43461600,0.742,14144800,0.743,102241100,0.744,116443800,0.745,121457000,0.746,78889500
sh513130,10:55:00,1764125703164,N/A,0,0.742,0.7429,-0.1211,0.0,0.9106,2.0156,442500,328335,0.742,0.978,0.741,111217700,0.740,114073000,0.739,85211900,0.738,66102500,0.737,43458900,0.742,18003000,0.743,102233000,0.744,116474100,0.745,119301900,0.746,78889500
sh513130,10:55:00,1764125704188,N/A,0,0.742,0.7429,-0.1211,0.0,0.9106,2.1993,0,0,0.742,1.024,0.741,111217700,0.740,114073000,0.739,85211900,0.738,66102500,0.737,43458900,0.742,18003000,0.743,102233000,0.744,116474100,0.745,119301900,0.746,78889500
sh513130,10:55:00,1764125705172,N/A,0,0.742,0.7429,-0.1211,0.0,0.9106,2.0903,0,0,0.742,0.984,0.741,111217700,0.740,114073000,0.739,85211900,0.738,66102500,0.737,43458900,0.742,18003000,0.743,102233000,0.744,116474100,0.745,119301900,0.746,78889500
sh513130,10:55:03,1764125706167,N/A,0,0.742,0.7429,-0.1211,0.0,0.9106,2.9109,1004700,745487,0.742,0.994,0.741,111059200,0.740,114930900,0.739,85211900,0.738,66104500,0.737,43458900,0.742,16565500,0.743,102280900,0.744,115988100,0.745,119281900,0.746,78891500
sh513130,10:55:03,1764125707173,N/A,0,0.742,0.7429,-0.1211,0.0,0.9106,2.6654,0,0,0.742,1.007,0.741,111059200,0.740,114930900,0.739,85211900,0.738,66104500,0.737,43458900,0.742,16565500,0.743,102280900,0.744,115988100,0.745,119281900,0.746,78891500
sh513130,10:55:03,1764125708176,N/A,0,0.742,0.7429,-0.1211,0.0,0.9106,2.2451,0,0,0.742,1.002,0.741,111059200,0.740,114930900,0.739,85211900,0.738,66104500,0.737,43458900,0.742,16565500,0.743,102280900,0.744,115988100,0.745,119281900,0.746,78891500
sh513130,10:55:06,1764125709178,N/A,0,0.742,0.7429,-0.1211,0.0,0.9106,2.6407,593800,440600,0.742,1.002,0.741,110544000,0.740,115898300,0.739,85206900,0.738,66104500,0.737,43509300,0.742,11872700,0.743,102472200,0.744,116039200,0.745,119291900,0.746,78951500
sh513130,10:55:06,1764125710176,N/A,0,0.742,0.7429,-0.1211,0.0,0.9106,2.6407,0,0,0.742,0.998,0.741,110544000,0.740,115898300,0.739,85206900,0.738,66104500,0.737,43509300,0.742,11872700,0.743,102472200,0.744,116039200,0.745,119291900,0.746,78951500
sh513130,10:55:09,1764125711176,N/A,0,0.742,0.7429,-0.1211,0.0,0.9106,3.0308,1122100,832598,0.742,1.0,0.741,110653900,0.740,116773500,0.739,85206900,0.738,66104500,0.737,43509300,0.742,9395200,0.743,102556600,0.744,115949200,0.745,122002000,0.746,78252500
sh513130,10:55:09,1764125712177,N/A,0,0.742,0.7429,-0.1211,0.0,0.9106,2.3109,0,0,0.742,1.001,0.741,110653900,0.740,116773500,0.739,85206900,0.738,66104500,0.737,43509300,0.742,9395200,0.743,102556600,0.744,115949200,0.745,122002000,0.746,78252500
sh513130,10:55:09,1764125713184,N/A,0,0.742,0.7429,-0.1211,0.0,0.9106,1.9273,0,0,0.742,1.007,0.741,110653900,0.740,116773500,0.739,85206900,0.738,66104500,0.737,43509300,0.742,9395200,0.743,102556600,0.744,115949200,0.745,122002000,0.746,78252500
sh513130,10:55:12,1764125714456,N/A,0,0.742,0.7429,-0.1211,0.0,0.9106,2.0285,849700,630467,0.742,1.272,0.741,110638600,0.740,117745200,0.739,85206900,0.738,66124500,0.737,43509300,0.742,9412500,0.743,102578200,0.744,115979200,0.745,122002000,0.746,78251400
sh513130,10:55:12,1764125715182,N/A,0,0.742,0.7429,-0.1211,0.0,0.9106,2.0285,0,0,0.742,0.726,0.741,110638600,0.740,117745200,0.739,85206900,0.738,66124500,0.737,43509300,0.742,9412500,0.743,102578200,0.744,115979200,0.745,122002000,0.746,78251400
sh513130,10:55:12,1764125716197,N/A,0,0.742,0.7429,-0.1211,0.0,0.9106,3.225,0,0,0.742,1.015,0.741,110638600,0.740,117745200,0.739,85206900,0.738,66124500,0.737,43509300,0.742,9412500,0.743,102578200,0.744,115979200,0.745,122002000,0.746,78251400
sh513130,10:55:15,1764125717190,N/A,0,0.742,0.7429,-0.1211,0.0,0.9106,5.3424,249100,184832,0.742,0.993,0.741,110648600,0.740,118594900,0.739,85206900,0.738,66124500,0.737,43509300,0.742,12692300,0.743,102692400,0.744,116020100,0.745,122102000,0.746,78261400
sh513130,10:55:15,1764125718190,N/A,0,0.742,0.7429,-0.1211,0.0,0.9106,4.7283,0,0,0.742,1.0,0.741,110648600,0.740,118594900,0.739,85206900,0.738,66124500,0.737,43509300,0.742,12692300,0.743,102692400,0.744,116020100,0.745,122102000,0.746,78261400
sh513130,10:55:15,1764125719192,N/A,0,0.742,0.7429,-0.1211,0.0,0.9106,5.6196,0,0,0.742,1.002,0.741,110648600,0.740,118594900,0.739,85206900,0.738,66124500,0.737,43509300,0.742,12692300,0.743,102692400,0.744,116020100,0.745,122102000,0.746,78261400
sh513130,10:55:18,1764125720190,N/A,0,0.742,0.7429,-0.1211,0.0,0.9106,5.6196,655500,486372,0.742,0.998,0.741,110717400,0.740,119456600,0.739,85206900,0.738,66124500,0.737,43509300,0.742,7698800,0.743,102820300,0.744,116020100,0.745,122107000,0.746,78261400
sh513130,10:55:18,1764125721198,N/A,0,0.742,0.7429,-0.1211,0.0,0.9106,3.7306,0,0,0.742,1.008,0.741,110717400,0.740,119456600,0.739,85206900,0.738,66124500,0.737,43509300,0.742,7698800,0.743,102820300,0.744,116020100,0.745,122107000,0.746,78261400
sh513130,10:55:18,1764125722200,N/A,0,0.742,0.7429,-0.1211,0.0,0.9106,3.5607,0,0,0.742,1.002,0.741,110717400,0.740,119456600,0.739,85206900,0.738,66124500,0.737,43509300,0.742,7698800,0.743,102820300,0.744,116020100,0.745,122107000,0.746,78261400
sh513130,10:55:18,1764125723201,N/A,0,0.742,0.7429,-0.1211,0.0,0.9106,1.9918,0,0,0.742,1.001,0.741,110717400,0.740,119456600,0.739,85206900,0.738,66124500,0.737,43509300,0.742,7698800,0.743,102820300,0.744,116020100,0.745,122107000,0.746,78261400
sh513130,10:55:21,1764125724200,N/A,0,0.742,0.7429,-0.1211,0.0,0.9106,2.078,27300,20257,0.742,0.999,0.741,110787400,0.740,120316100,0.739,85206900,0.738,66124500,0.737,43559300,0.742,15028400,0.743,115064500,0.744,116089100,0.745,119862000,0.746,78109000
sh513130,10:55:21,1764125725197,N/A,0,0.742,0.7429,-0.1211,0.0,0.9106,2.6461,0,0,0.742,0.997,0.741,110787400,0.740,120316100,0.739,85206900,0.738,66124500,0.737,43559300,0.742,15028400,0.743,115064500,0.744,116089100,0.745,119862000,0.746,78109000
sh513130,10:55:24,1764125726201,N/A,0,0.742,0.7429,-0.1211,0.0,0.9106,2.3206,110300,81843,0.742,1.004,0.741,111240600,0.740,121187800,0.739,85166000,0.738,66138500,0.737,43559300,0.742,25187100,0.743,115108800,0.744,116089100,0.745,119842000,0.746,78109000
sh513130,10:55:24,1764125727206,N/A,0,0.742,0.7429,-0.1211,0.0,0.9106,3.1341,0,0,0.742,1.005,0.741,111240600,0.740,121187800,0.739,85166000,0.738,66138500,0.737,43559300,0.742,25187100,0.743,115108800,0.744,116089100,0.745,119842000,0.746,78109000
sh513130,10:55:24,1764125728207,N/A,0,0.742,0.7429,-0.1211,0.0,0.9106,2.8765,0,0,0.742,1.0,0.741,111240600,0.740,121187800,0.739,85166000,0.738,66138500,0.737,43559300,0.742,25187100,0.743,115108800,0.744,116089100,0.745,119842000,0.746,78109000
sh513130,10:55:27,1764125729205,N/A,0,0.742,0.7429,-0.1211,0.0,0.9106,3.3538,148900,110479,0.742,0.998,0.741,111202200,0.740,121709100,0.739,85166000,0.738,66206000,0.737,43559300,0.742,33443100,0.743,107310500,0.744,116089100,0.745,119842000,0.746,78109000
sh513130,10:55:27,1764125730201,N/A,0,0.742,0.7429,-0.1211,0.0,0.9106,3.2679,0,0,0.742,0.996,0.741,111202200,0.740,121709100,0.739,85166000,0.738,66206000,0.737,43559300,0.742,33443100,0.743,107310500,0.744,116089100,0.745,119842000,0.746,78109000
sh513130,10:55:27,1764125731215,N/A,0,0.742,0.7429,-0.1211,0.0,0.9106,2.6729,0,0,0.742,1.014,0.741,111202200,0.740,121709100,0.739,85166000,0.738,66206000,0.737,43559300,0.742,33443100,0.743,107310500,0.744,116089100,0.745,119842000,0.746,78109000
sh513130,10:55:30,1764125732207,N/A,0,0.742,0.7429,-0.1211,0.0,0.9106,2.6729,906000,672252,0.742,0.992,0.741,112375700,0.740,121744100,0.739,85166000,0.738,66206000,0.737,43559300,0.742,24237100,0.743,115727700,0.744,116098200,0.745,119842000,0.746,78109000
sh513130,10:55:30,1764125733215,N/A,0,0.742,0.7429,-0.1211,0.0,0.9106,2.3765,0,0,0.742,1.008,0.741,112375700,0.740,121744100,0.739,85166000,0.738,66206000,0.737,43559300,0.742,24237100,0.743,115727700,0.744,116098200,0.745,119842000,0.746,78109000
sh513130,10:55:30,1764125734214,N/A,0,0.742,0.7429,-0.1211,0.0,0.9106,2.1784,0,0,0.742,0.999,0.741,112375700,0.740,121744100,0.739,85166000,0.738,66206000,0.737,43559300,0.742,24237100,0.743,115727700,0.744,116098200,0.745,119842000,0.746,78109000
sh513130,10:55:30,1764125735217,N/A,0,0.742,0.7429,-0.1211,0.0,0.9106,3.0188,0,0,0.742,1.003,0.741,112375700,0.740,121744100,0.739,85166000,0.738,66206000,0.737,43559300,0.742,24237100,0.743,115727700,0.744,116098200,0.745,119842000,0.746,78109000
sh513130,10:55:33,1764125736215,N/A,0,0.741,0.7429,-0.2558,0.0,0.9106,2.8284,271500,201211,0.7411,0.997,0.741,110682800,0.740,122439800,0.739,85166000,0.738,66206000,0.737,43559300,0.742,53982000,0.743,107337900,0.744,116436300,0.745,99825900,0.746,78109000
sh513130,10:55:33,1764125737219,N/A,0,0.741,0.7429,-0.2558,0.0,0.9106,3.835,0,0,0.741,1.005,0.741,110682800,0.740,122439800,0.739,85166000,0.738,66206000,0.737,43559300,0.742,53982000,0.743,107337900,0.744,116436300,0.745,99825900,0.746,78109000
sh513130,10:55:36,1764125738218,N/A,0,0.741,0.7429,-0.2558,0.0,0.9106,2.0474,356000,263807,0.741,0.998,0.741,101393600,0.740,130441800,0.739,86156000,0.738,66206000,0.737,43559300,0.742,55136800,0.743,107429900,0.744,123051400,0.745,91835900,0.746,78109000
sh513130,10:55:36,1764125739220,N/A,0,0.741,0.7429,-0.2558,0.0,0.9106,2.0474,0,0,0.741,1.002,0.741,101393600,0.740,130441800,0.739,86156000,0.738,66206000,0.737,43559300,0.742,55136800,0.743,107429900,0.744,123051400,0.745,91835900,0.746,78109000
sh513130,10:55:36,1764125740216,N/A,0,0.741,0.7429,-0.2558,0.0,0.9106,1.3117,0,0,0.741,0.997,0.741,101393600,0.740,130441800,0.739,86156000,0.738,66206000,0.737,43559300,0.742,55136800,0.743,107429900,0.744,123051400,0.745,91835900,0.746,78109000
sh513130,10:55:39,1764125741217,N/A,0,0.741,0.7422,-0.1617,0.0,0.9106,2.6528,0,0,0.741,1.0,0.741,109338000,0.740,122827800,0.739,86155000,0.738,66206000,0.737,43559300,0.742,59125300,0.743,107530900,0.744,113960400,0.745,90691700,0.746,78108800
sh513130,10:55:39,1764125742219,N/A,0,0.741,0.7422,-0.1617,0.0,0.9106,2.2521,0,0,0.741,1.002,0.741,109338000,0.740,122827800,0.739,86155000,0.738,66206000,0.737,43559300,0.742,59125300,0.743,107530900,0.744,113960400,0.745,90691700,0.746,78108800
sh513130,10:55:39,1764125743227,N/A,0,0.741,0.7422,-0.1617,0.0,0.9106,1.8843,0,0,0.741,1.008,0.741,109338000,0.740,122827800,0.739,86155000,0.738,66206000,0.737,43559300,0.742,59125300,0.743,107530900,0.744,113960400,0.745,90691700,0.746,78108800
sh513130,10:55:42,1764125744221,N/A,0,0.742,0.7422,-0.0269,0.0,0.9106,2.2388,76800,56936,0.7414,0.994,0.741,101052400,0.740,130856800,0.739,86095000,0.738,66206000,0.737,43659300,0.742,60639900,0.743,107588500,0.744,122973500,0.745,82691700,0.746,78108800
sh513130,10:55:42,1764125745218,N/A,0,0.742,0.7422,-0.0269,0.0,0.9106,2.3522,0,0,0.742,0.997,0.741,101052400,0.740,130856800,0.739,86095000,0.738,66206000,0.737,43659300,0.742,60639900,0.743,107588500,0.744,122973500,0.745,82691700,0.746,78108800
sh513130,10:55:42,1764125746235,N/A,0,0.742,0.7422,-0.0269,0.0,0.9106,2.2387,0,0,0.742,1.017,0.741,101052400,0.740,130856800,0.739,86095000,0.738,66206000,0.737,43659300,0.742,60639900,0.743,107588500,0.744,122973500,0.745,82691700,0.746,78108800
sh513130,10:55:45,1764125747232,N/A,0,0.742,0.7422,-0.0269,0.0,0.9106,3.1262,3000,2226,0.742,0.997,0.741,101053400,0.740,130916900,0.739,86109500,0.738,66206000,0.737,43659300,0.742,60636900,0.743,108087000,0.744,122901200,0.745,83572600,0.746,78058800
sh513130,10:55:45,1764125748227,N/A,0,0.742,0.7422,-0.0269,0.0,0.9106,2.9796,0,0,0.742,0.995,0.741,101053400,0.740,130916900,0.739,86109500,0.738,66206000,0.737,43659300,0.742,60636900,0.743,108087000,0.744,122901200,0.745,83572600,0.746,78058800
sh513130,10:55:45,1764125749229,N/A,0,0.742,0.7422,-0.0269,0.0,0.9106,3.3547,0,0,0.742,1.003,0.741,101053400,0.740,130916900,0.739,86109500,0.738,66206000,0.737,43659300,0.742,60636900,0.743,108087000,0.744,122901200,0.745,83572600,0.746,78058800
sh513130,10:55:45,1764125750231,N/A,0,0.742,0.7422,-0.0269,0.0,0.9106,3.061,0,0,0.742,1.002,0.741,101053400,0.740,130916900,0.739,86109500,0.738,66206000,0.737,43659300,0.742,60636900,0.743,108087000,0.744,122901200,0.745,83572600,0.746,78058800
sh513130,10:55:48,1764125751237,N/A,0,0.741,0.7422,-0.1617,0.0,0.9106,2.7466,109700,81396,0.742,1.006,0.741,100903800,0.740,130959800,0.739,86109500,0.738,66206000,0.737,43560400,0.742,60808900,0.743,107971800,0.744,122964400,0.745,84269500,0.746,77798800
sh513130,10:55:48,1764125752240,N/A,0,0.741,0.7422,-0.1617,0.0,0.9106,2.4193,0,0,0.741,1.003,0.741,100903800,0.740,130959800,0.739,86109500,0.738,66206000,0.737,43560400,0.742,60808900,0.743,107971800,0.744,122964400,0.745,84269500,0.746,77798800
sh513130,10:55:51,1764125753230,N/A,0,0.741,0.7422,-0.1617,0.0,0.9106,0.8234,0,0,0.741,0.99,0.741,101117800,0.740,130948300,0.739,86087700,0.738,66184100,0.737,43560400,0.742,60851500,0.743,108021800,0.744,122964400,0.745,85125400,0.746,77796100
sh513130,10:55:51,1764125754238,N/A,0,0.741,0.7422,-0.1617,0.0,0.9106,0.7811,0,0,0.741,1.007,0.741,101117800,0.740,130948300,0.739,86087700,0.738,66184100,0.737,43560400,0.742,60851500,0.743,108021800,0.744,122964400,0.745,85125400,0.746,77796100
sh513130,10:55:51,1764125755244,N/A,0,0.741,0.7422,-0.1617,0.0,0.9106,0.7422,0,0,0.741,1.006,0.741,101117800,0.740,130948300,0.739,86087700,0.738,66184100,0.737,43560400,0.742,60851500,0.743,108021800,0.744,122964400,0.745,85125400,0.746,77796100
