entry_time,entry_price,exit_time,exit_price,hold_seconds,quantity,profit_bps,cost_bps,net_profit_bps,pnl_amount
2025-11-26 11:03:09,1.597,2025-11-26 11:05:06,1.598,117,125200.0,6.261740763933075,2.0,4.261740763933075,85.19860000000335
2025-11-26 14:06:30,1.594,2025-11-26 14:08:21,1.595,111,125500.0,6.273525721454767,2.0,4.273525721454767,85.47805000000517
2025-11-26 14:32:00,1.596,2025-11-26 14:33:54,1.597,114,125400.0,6.265664160400313,2.0,4.265664160400313,85.35977999996976
2025-12-01 09:32:24,1.591,2025-12-01 09:32:42,1.592,18,125800.0,6.285355122565129,2.0,4.285355122565129,85.75786000001244
2025-12-01 09:33:54,1.591,2025-12-01 09:34:30,1.592,36,125900.0,6.285355122565129,2.0,4.285355122565129,85.82603000005474
2025-12-01 09:36:21,1.591,2025-12-01 09:38:21,1.592,120,125900.0,6.285355122565129,2.0,4.285355122565129,85.82603000005474
2025-12-01 09:39:00,1.591,2025-12-01 09:40:54,1.592,114,126000.0,6.285355122565129,2.0,4.285355122565129,85.89420000000973
2025-12-01 09:40:57,1.593,2025-12-01 09:42:03,1.594,66,125900.0,6.277463904583252,2.0,4.277463904583252,85.77567000000272
2025-12-01 09:42:06,1.594,2025-12-01 09:43:21,1.595,75,125800.0,6.273525721454767,2.0,4.273525721454767,85.68237999998382
2025-12-01 09:43:24,1.595,2025-12-01 09:44:12,1.596,48,125800.0,6.26959247648973,2.0,4.269592476489731,85.65722000002279
2025-12-01 09:45:18,1.595,2025-12-01 09:46:06,1.596,48,125900.0,6.26959247648973,2.0,4.269592476489731,85.7253100000089
2025-12-01 09:47:00,1.596,2025-12-01 09:48:54,1.597,114,125800.0,6.265664160400313,2.0,4.265664160400313,85.63206000000355
2025-12-01 09:49:03,1.598,2025-12-01 09:51:00,1.6,117,125700.0,12.51564455569463,2.0,10.515644555694628,211.20113999999012
2025-12-01 09:52:24,1.601,2025-12-01 09:54:24,1.602,120,125600.0,6.2460961898820235,2.0,4.2460961898820235,85.37032000001636
2025-12-01 09:55:15,1.602,2025-12-01 09:57:15,1.603,120,125600.0,6.242197253432521,2.0,4.242197253432521,85.34519999998156
2025-12-01 10:00:30,1.602,2025-12-01 10:02:27,1.603,117,125700.0,6.242197253432521,2.0,4.242197253432521,85.41314999997849
2025-12-01 10:12:06,1.597,2025-12-01 10:12:45,1.598,39,126100.0,6.261740763933075,2.0,4.261740763933075,85.81105000004754
2025-12-01 10:24:54,1.593,2025-12-01 10:26:27,1.594,93,126500.0,6.277463904583252,2.0,4.277463904583252,86.18445000000065
2025-12-01 10:26:42,1.593,2025-12-01 10:27:39,1.594,57,126500.0,6.277463904583252,2.0,4.277463904583252,86.18445000000065
2025-12-01 10:28:06,1.594,2025-12-01 10:29:12,1.595,66,126500.0,6.273525721454767,2.0,4.273525721454767,86.15915000002133
2025-12-01 10:33:30,1.594,2025-12-01 10:35:30,1.595,120,126600.0,6.273525721454767,2.0,4.273525721454767,86.22725999998511
2025-12-01 10:37:42,1.594,2025-12-01 10:39:24,1.595,102,126600.0,6.273525721454767,2.0,4.273525721454767,86.22725999998511
2025-12-01 10:39:30,1.595,2025-12-01 10:41:06,1.596,96,126600.0,6.26959247648973,2.0,4.269592476489731,86.20194000002812
2025-12-01 10:53:51,1.595,2025-12-01 10:55:51,1.596,120,126600.0,6.26959247648973,2.0,4.269592476489731,86.20194000002812
2025-12-02 09:31:57,1.605,2025-12-02 09:32:36,1.606,39,125900.0,6.230529595016273,2.0,4.230529595016274,85.47351000003982
2025-12-02 09:33:09,1.605,2025-12-02 09:35:09,1.606,120,126000.0,6.230529595016273,2.0,4.230529595016274,85.54140000001644
2025-12-02 09:35:24,1.605,2025-12-02 09:36:42,1.606,78,126000.0,6.230529595016273,2.0,4.230529595016274,85.54140000001644
2025-12-02 09:40:06,1.604,2025-12-02 09:40:45,1.605,39,126100.0,6.2344139650865955,2.0,4.2344139650865955,85.6345099999744
2025-12-02 09:40:57,1.605,2025-12-02 09:42:57,1.606,120,126100.0,6.230529595016273,2.0,4.230529595016274,85.60928999999305
2025-12-02 09:45:24,1.606,2025-12-02 09:47:24,1.607,120,126100.0,6.226650062265814,2.0,4.226650062265814,85.5840700000117
2025-12-02 09:47:27,1.608,2025-12-02 09:48:24,1.609,57,126000.0,6.218905472636131,2.0,4.218905472636131,85.4658000000054
2025-12-02 10:00:06,1.607,2025-12-02 10:01:57,1.608,111,126100.0,6.222775357810279,2.0,4.22277535781028,85.55885000003036
2025-12-02 10:02:36,1.608,2025-12-02 10:04:06,1.609,90,126100.0,6.218905472636131,2.0,4.218905472636131,85.53362999999081
2025-12-02 10:06:57,1.608,2025-12-02 10:08:24,1.609,87,126200.0,6.218905472636131,2.0,4.218905472636131,85.60146000000532
2025-12-02 10:12:51,1.607,2025-12-02 10:14:51,1.608,120,126300.0,6.222775357810279,2.0,4.22277535781028,85.69455000001471
2025-12-02 10:16:18,1.608,2025-12-02 10:17:24,1.609,66,126300.0,6.218905472636131,2.0,4.218905472636131,85.66928999999072
2025-12-02 10:20:54,1.608,2025-12-02 10:22:39,1.609,105,126300.0,6.218905472636131,2.0,4.218905472636131,85.66928999999072
2025-12-02 10:32:12,1.606,2025-12-02 10:34:12,1.607,120,126500.0,6.226650062265814,2.0,4.226650062265814,85.8555500000075
2025-12-02 10:35:03,1.607,2025-12-02 10:36:09,1.608,66,126500.0,6.222775357810279,2.0,4.22277535781028,85.83024999999907
2025-12-02 10:44:30,1.608,2025-12-02 10:46:30,1.609,120,126500.0,6.218905472636131,2.0,4.218905472636131,85.80495000001974
2025-12-03 09:31:21,1.59,2025-12-03 09:32:39,1.591,78,128000.0,6.289308176099936,2.0,4.289308176099936,87.28320000000531
2025-12-03 09:32:45,1.592,2025-12-03 09:34:33,1.593,108,127900.0,6.281407035175188,2.0,4.281407035175188,87.16384999995353
2025-12-03 09:41:15,1.592,2025-12-03 09:43:12,1.593,117,127900.0,6.281407035175188,2.0,4.281407035175188,87.16384999995353
2025-12-03 09:48:12,1.591,2025-12-03 09:49:30,1.592,78,128000.0,6.285355122565129,2.0,4.285355122565129,87.25759999998263
2025-12-03 09:57:03,1.586,2025-12-03 09:58:39,1.587,96,128500.0,6.305170239595774,2.0,4.305170239595775,87.72694999998203
2025-12-03 10:25:57,1.586,2025-12-03 10:26:54,1.587,57,128600.0,6.305170239595774,2.0,4.305170239595775,87.79521999997087
2025-12-03 10:37:24,1.582,2025-12-03 10:39:18,1.583,114,128900.0,6.321112515802085,2.0,4.321112515802085,88.10314999998081
2025-12-04 09:46:21,1.579,2025-12-04 09:48:18,1.58,117,129200.0,6.333122229259734,2.0,4.333122229259734,88.38572000002023
2025-12-04 10:01:33,1.578,2025-12-04 10:03:30,1.579,117,129400.0,6.337135614701456,2.0,4.337135614701456,88.54842000000644
2025-12-04 10:08:36,1.578,2025-12-04 10:09:12,1.579,36,129400.0,6.337135614701456,2.0,4.337135614701456,88.54842000000644
2025-12-04 10:19:36,1.576,2025-12-04 10:21:36,1.577,120,129700.0,6.345177664973921,2.0,4.345177664973921,88.80559000000358
2025-12-04 10:21:39,1.578,2025-12-04 10:23:33,1.579,114,129500.0,6.337135614701456,2.0,4.337135614701456,88.61684999999125
2025-12-04 10:24:06,1.58,2025-12-04 10:26:06,1.581,120,129400.0,6.329113924049936,2.0,4.329113924049936,88.49666000000434
2025-12-04 10:28:48,1.581,2025-12-04 10:30:42,1.582,114,129400.0,6.325110689437773,2.0,4.325110689437773,88.47078000003239
2025-12-04 10:30:51,1.582,2025-12-04 10:32:06,1.583,75,129400.0,6.321112515802085,2.0,4.321112515802085,88.44489999997313
2025-12-04 10:36:33,1.581,2025-12-04 10:37:36,1.582,63,129500.0,6.325110689437773,2.0,4.325110689437773,88.53915000002598
2025-12-04 10:40:57,1.581,2025-12-04 10:42:51,1.582,114,129600.0,6.325110689437773,2.0,4.325110689437773,88.60752000001958
2025-12-04 10:46:57,1.582,2025-12-04 10:48:06,1.583,69,129600.0,6.321112515802085,2.0,4.321112515802085,88.58159999997588
2025-12-04 10:49:27,1.584,2025-12-04 10:51:27,1.585,120,129400.0,6.313131313130618,2.0,4.313131313130618,88.39314000000013
2025-12-04 10:51:33,1.586,2025-12-04 10:53:00,1.587,87,129300.0,6.305170239595774,2.0,4.305170239595775,88.27310999998008
2025-12-04 10:53:03,1.587,2025-12-04 10:55:03,1.588,120,129300.0,6.301197227473925,2.0,4.301197227473925,88.2472500000149
2025-12-04 11:10:12,1.583,2025-12-04 11:11:54,1.584,102,129700.0,6.317119393557245,2.0,4.317119393557246,88.62400999999954
2025-12-04 13:09:21,1.584,2025-12-04 13:11:21,1.585,120,129700.0,6.313131313130618,2.0,4.313131313130618,88.59806999997818
2025-12-04 13:24:12,1.584,2025-12-04 13:26:09,1.585,117,129700.0,6.313131313130618,2.0,4.313131313130618,88.59806999997818
2025-12-04 13:59:12,1.582,2025-12-04 14:01:12,1.583,120,129900.0,6.321112515802085,2.0,4.321112515802085,88.78664999996545
2025-12-04 14:28:27,1.584,2025-12-04 14:30:15,1.585,108,129800.0,6.313131313130618,2.0,4.313131313130618,88.66638000000967
2025-12-04 14:51:57,1.587,2025-12-04 14:53:57,1.588,120,129600.0,6.301197227473925,2.0,4.301197227473925,88.45200000001932
2025-12-05 09:30:09,1.586,2025-12-05 09:31:00,1.587,51,129800.0,6.305170239595774,2.0,4.305170239595775,88.6144600000116
2025-12-05 09:38:42,1.585,2025-12-05 09:40:42,1.586,120,129900.0,6.309148264984933,2.0,4.309148264984934,88.70871000003535
2025-12-05 09:46:30,1.584,2025-12-05 09:48:30,1.585,120,130100.0,6.313131313130618,2.0,4.313131313130618,88.87130999995861
2025-12-05 09:49:06,1.585,2025-12-05 09:51:06,1.586,120,130000.0,6.309148264984933,2.0,4.309148264984934,88.77700000000186
2025-12-05 09:57:24,1.583,2025-12-05 09:58:39,1.584,75,130300.0,6.317119393557245,2.0,4.317119393557246,89.03399000002537
2025-12-05 09:58:42,1.585,2025-12-05 10:00:18,1.586,96,130100.0,6.309148264984933,2.0,4.309148264984934,88.84528999999748
2025-12-05 10:08:15,1.586,2025-12-05 10:10:12,1.587,117,130100.0,6.305170239595774,2.0,4.305170239595775,88.81926999997813
2025-12-05 10:17:03,1.584,2025-12-05 10:19:03,1.585,120,130300.0,6.313131313130618,2.0,4.313131313130618,89.00792999999248
2025-12-05 10:29:21,1.586,2025-12-05 10:31:21,1.587,120,130200.0,6.305170239595774,2.0,4.305170239595775,88.88753999999608
2025-12-05 10:34:27,1.586,2025-12-05 10:36:21,1.587,114,130300.0,6.305170239595774,2.0,4.305170239595775,88.95580999998492
2025-12-05 10:37:09,1.588,2025-12-05 10:39:03,1.589,114,130200.0,6.297229219142883,2.0,4.297229219142883,88.83546000000206
2025-12-05 11:14:06,1.588,2025-12-05 11:16:03,1.589,117,130200.0,6.297229219142883,2.0,4.297229219142883,88.83546000000206
2025-12-05 13:00:03,1.589,2025-12-05 13:01:36,1.593,93,130200.0,25.173064820641937,2.0,23.173064820641937,479.3703600000299
2025-12-05 13:02:09,1.593,2025-12-05 13:03:15,1.594,66,130200.0,6.277463904583252,2.0,4.277463904583252,88.705260000017
2025-12-05 13:13:33,1.591,2025-12-05 13:15:30,1.592,117,130400.0,6.285355122565129,2.0,4.285355122565129,88.89368000003742
2025-12-05 13:43:54,1.594,2025-12-05 13:45:09,1.595,75,130200.0,6.273525721454767,2.0,4.273525721454767,88.67921999999089
2025-12-05 13:52:24,1.594,2025-12-05 13:54:24,1.595,120,130300.0,6.273525721454767,2.0,4.273525721454767,88.74733000001288
2025-12-05 13:55:09,1.596,2025-12-05 13:57:06,1.597,117,130200.0,6.265664160400313,2.0,4.265664160400313,88.62713999999687
2025-12-05 14:02:27,1.596,2025-12-05 14:04:00,1.597,93,130200.0,6.265664160400313,2.0,4.265664160400313,88.62713999999687
2025-12-05 14:17:51,1.597,2025-12-05 14:19:45,1.598,114,130200.0,6.261740763933075,2.0,4.261740763933075,88.60110000002896
2025-12-05 14:34:03,1.598,2025-12-05 14:36:00,1.599,117,130200.0,6.2578222778466195,2.0,4.2578222778466195,88.57505999997375
2025-12-08 09:30:15,1.603,2025-12-08 09:31:03,1.604,48,129800.0,6.238303181535321,2.0,4.238303181535321,88.17313999999897
2025-12-08 09:33:12,1.604,2025-12-08 09:34:51,1.605,99,129800.0,6.2344139650865955,2.0,4.2344139650865955,88.14717999997083
2025-12-08 09:37:57,1.603,2025-12-08 09:38:24,1.604,27,129900.0,6.238303181535321,2.0,4.238303181535321,88.24106999998912
2025-12-08 09:39:12,1.603,2025-12-08 09:40:57,1.604,105,130000.0,6.238303181535321,2.0,4.238303181535321,88.30900000000838
2025-12-08 10:16:18,1.595,2025-12-08 10:18:18,1.596,120,130700.0,6.26959247648973,2.0,4.269592476489731,88.99363000001176
2025-12-08 11:05:45,1.591,2025-12-08 11:07:45,1.592,120,131100.0,6.285355122565129,2.0,4.285355122565129,89.37087000001338
2025-12-08 11:14:18,1.589,2025-12-08 11:16:18,1.59,120,131300.0,6.293266205161182,2.0,4.293266205161182,89.55973000003723
2025-12-08 13:13:06,1.588,2025-12-08 13:15:06,1.589,120,131400.0,6.297229219142883,2.0,4.297229219142883,89.65421999999671
2025-12-08 13:53:09,1.587,2025-12-08 13:54:21,1.588,72,131600.0,6.301197227473925,2.0,4.301197227473925,89.81700000003912
2025-12-08 14:24:54,1.587,2025-12-08 14:26:06,1.588,72,131600.0,6.301197227473925,2.0,4.301197227473925,89.81700000003912
2025-12-09 09:32:15,1.583,2025-12-09 09:33:03,1.584,48,132000.0,6.317119393557245,2.0,4.317119393557246,90.19560000000638
2025-12-09 09:45:12,1.578,2025-12-09 09:46:36,1.579,84,132500.0,6.337135614701456,2.0,4.337135614701456,90.66975000000093
2025-12-09 09:49:57,1.578,2025-12-09 09:51:57,1.579,120,132500.0,6.337135614701456,2.0,4.337135614701456,90.66975000000093
2025-12-09 09:52:03,1.579,2025-12-09 09:53:27,1.58,84,132500.0,6.333122229259734,2.0,4.333122229259734,90.64324999999371
2025-12-09 10:02:39,1.577,2025-12-09 10:03:42,1.578,63,132700.0,6.341154090045098,2.0,4.341154090045098,90.8331500000204
2025-12-09 10:30:03,1.572,2025-12-09 10:30:39,1.573,36,133200.0,6.361323155215584,2.0,4.361323155215584,91.30860000001849
2025-12-09 10:57:00,1.57,2025-12-09 10:58:54,1.571,114,133500.0,6.3694267515916545,2.0,4.369426751591655,91.56765000001178
2025-12-09 14:20:00,1.562,2025-12-09 14:21:57,1.563,117,134200.0,6.402048655569077,2.0,4.402048655569078,92.26250000004075
2025-12-10 09:42:48,1.552,2025-12-10 09:44:33,1.553,105,135100.0,6.443298969071455,2.0,4.443298969071455,93.15144999997574
2025-12-10 09:46:00,1.553,2025-12-10 09:48:00,1.554,120,135100.0,6.439150032196471,2.0,4.439150032196471,93.12443000002531
2025-12-10 09:48:03,1.555,2025-12-10 09:49:03,1.556,60,135000.0,6.430868167203292,2.0,4.430868167203292,93.00150000001304
2025-12-10 09:50:48,1.556,2025-12-10 09:52:48,1.557,120,135000.0,6.426735218508289,2.0,4.4267352185082895,92.97450000001118
2025-12-10 09:54:33,1.557,2025-12-10 09:56:33,1.558,120,134900.0,6.422607578677662,2.0,4.422607578677662,92.87865000002785
2025-12-10 10:00:15,1.556,2025-12-10 10:02:15,1.557,120,135100.0,6.426735218508289,2.0,4.4267352185082895,93.04336999999941
2025-12-10 10:05:36,1.558,2025-12-10 10:07:33,1.559,117,135000.0,6.418485237483247,2.0,4.418485237483247,92.92050000000745
2025-12-10 10:16:18,1.553,2025-12-10 10:18:18,1.554,120,135500.0,6.439150032196471,2.0,4.439150032196471,93.40015000003041
2025-12-10 10:20:00,1.554,2025-12-10 10:22:00,1.555,120,135400.0,6.435006435005726,2.0,4.435006435005726,93.30413999999291
2025-12-10 10:25:27,1.555,2025-12-10 10:27:24,1.556,117,135400.0,6.430868167203292,2.0,4.430868167203292,93.27705999999307
2025-12-10 10:40:33,1.554,2025-12-10 10:42:33,1.555,120,135500.0,6.435006435005726,2.0,4.435006435005726,93.3730500000238
2025-12-10 10:49:06,1.555,2025-12-10 10:50:57,1.556,111,135500.0,6.430868167203292,2.0,4.430868167203292,93.34595000001718
2025-12-10 11:05:45,1.554,2025-12-10 11:07:45,1.555,120,135700.0,6.435006435005726,2.0,4.435006435005726,93.51086999996915
2025-12-10 11:16:57,1.555,2025-12-10 11:18:36,1.556,99,135600.0,6.430868167203292,2.0,4.430868167203292,93.41484000001219
2025-12-10 13:25:51,1.553,2025-12-10 13:27:51,1.554,120,135900.0,6.439150032196471,2.0,4.439150032196471,93.6758700000355
2025-12-10 13:30:33,1.555,2025-12-10 13:32:24,1.556,111,135800.0,6.430868167203292,2.0,4.430868167203292,93.55262000003131
2025-12-10 13:33:03,1.556,2025-12-10 13:35:03,1.557,120,135700.0,6.426735218508289,2.0,4.4267352185082895,93.45658999998705
2025-12-10 13:35:06,1.558,2025-12-10 13:35:30,1.559,24,135600.0,6.418485237483247,2.0,4.418485237483247,93.33347999997204
2025-12-10 13:40:15,1.557,2025-12-10 13:42:15,1.558,120,135800.0,6.422607578677662,2.0,4.422607578677662,93.49830000000657
2025-12-10 13:43:54,1.557,2025-12-10 13:45:33,1.558,99,135800.0,6.422607578677662,2.0,4.422607578677662,93.49830000000657
2025-12-10 14:03:30,1.558,2025-12-10 14:05:30,1.559,120,135800.0,6.418485237483247,2.0,4.418485237483247,93.47114000000875
2025-12-10 14:09:33,1.56,2025-12-10 14:11:12,1.562,99,135700.0,12.820512820512832,2.0,10.82051282051283,229.0344599999953
2025-12-10 14:20:33,1.561,2025-12-10 14:21:27,1.562,54,135700.0,6.406149903908469,2.0,4.406149903908469,93.3208900000318
2025-12-10 14:26:03,1.561,2025-12-10 14:27:00,1.562,57,135800.0,6.406149903908469,2.0,4.406149903908469,93.38966000004439
2025-12-10 14:55:06,1.562,2025-12-10 14:57:00,1.563,114,135800.0,6.402048655569077,2.0,4.402048655569078,93.36250000001746
2025-12-11 09:30:09,1.577,2025-12-11 09:31:36,1.58,87,134500.0,19.023462270133887,2.0,17.023462270133887,361.0383500000171
2025-12-11 09:32:09,1.579,2025-12-11 09:32:21,1.58,12,134600.0,6.333122229259734,2.0,4.333122229259734,92.079859999998
2025-12-11 09:34:09,1.579,2025-12-11 09:36:09,1.58,120,134700.0,6.333122229259734,2.0,4.333122229259734,92.14827000000514
2025-12-11 09:37:54,1.579,2025-12-11 09:39:54,1.58,120,134700.0,6.333122229259734,2.0,4.333122229259734,92.14827000000514
2025-12-11 09:41:09,1.581,2025-12-11 09:43:09,1.582,120,134600.0,6.325110689437773,2.0,4.325110689437773,92.02602000001934
2025-12-11 09:51:48,1.579,2025-12-11 09:53:18,1.58,90,134800.0,6.333122229259734,2.0,4.333122229259734,92.21668000001227
2025-12-11 09:56:54,1.576,2025-12-11 09:58:00,1.577,66,135200.0,6.345177664973921,2.0,4.345177664973921,92.57143999997061
2025-12-11 10:00:36,1.576,2025-12-11 10:02:18,1.577,102,135200.0,6.345177664973921,2.0,4.345177664973921,92.57143999997061
2025-12-11 10:23:54,1.574,2025-12-11 10:25:48,1.575,114,135400.0,6.353240152477063,2.0,4.353240152477063,92.76253999999608
2025-12-11 10:41:54,1.57,2025-12-11 10:43:54,1.571,120,135800.0,6.3694267515916545,2.0,4.369426751591655,93.14521999997669
2025-12-11 11:04:27,1.568,2025-12-11 11:05:54,1.569,87,136100.0,6.37755102040746,2.0,4.37755102040746,93.40542999998434
2025-12-11 11:14:00,1.567,2025-12-11 11:15:51,1.568,111,136200.0,6.38162093171737,2.0,4.38162093171737,93.50130000003264
2025-12-11 13:00:24,1.568,2025-12-11 13:02:18,1.569,114,136200.0,6.37755102040746,2.0,4.37755102040746,93.47405999997864
2025-12-11 14:00:00,1.565,2025-12-11 14:01:18,1.566,78,136500.0,6.389776357828191,2.0,4.389776357828192,93.76185000000987
2025-12-11 14:31:12,1.566,2025-12-11 14:32:57,1.567,105,136500.0,6.385696040867751,2.0,4.385696040867751,93.73455000002286
2025-12-11 14:34:45,1.567,2025-12-11 14:36:15,1.568,90,136500.0,6.38162093171737,2.0,4.38162093171737,93.70725000000675
2025-12-15 09:30:06,1.576,2025-12-15 09:31:42,1.577,96,135700.0,6.345177664973921,2.0,4.345177664973921,92.91378999999142
2025-12-15 09:32:39,1.576,2025-12-15 09:33:06,1.577,27,135800.0,6.345177664973921,2.0,4.345177664973921,92.98225999998976
2025-12-15 09:34:12,1.577,2025-12-15 09:36:09,1.578,117,135800.0,6.341154090045098,2.0,4.341154090045098,92.95510000002105
2025-12-15 09:48:00,1.575,2025-12-15 09:50:00,1.577,120,136000.0,12.698412698412708,2.0,10.698412698412708,229.13280000002123
2025-12-15 09:50:30,1.576,2025-12-15 09:52:30,1.577,120,136100.0,6.345177664973921,2.0,4.345177664973921,93.18766999998479
2025-12-15 10:02:48,1.577,2025-12-15 10:04:21,1.578,93,136000.0,6.341154090045098,2.0,4.341154090045098,93.09200000000419
2025-12-15 10:24:54,1.577,2025-12-15 10:26:54,1.578,120,136100.0,6.341154090045098,2.0,4.341154090045098,93.16045000005397
2025-12-15 13:47:24,1.572,2025-12-15 13:48:45,1.573,81,136600.0,6.361323155215584,2.0,4.361323155215584,93.63929999998072
2025-12-17 09:30:24,1.543,2025-12-17 09:31:36,1.544,72,139200.0,6.480881399871108,2.0,4.480881399871108,96.22896000006585
2025-12-17 09:33:27,1.542,2025-12-17 09:34:51,1.543,84,139400.0,6.485084306095264,2.0,4.485084306095264,96.39509999999427
2025-12-17 09:38:30,1.541,2025-12-17 09:40:30,1.542,120,139500.0,6.489292667100012,2.0,4.489292667100012,96.4921500000055
2025-12-17 09:40:36,1.543,2025-12-17 09:42:36,1.544,120,139400.0,6.480881399871108,2.0,4.480881399871108,96.36722000004374
2025-12-17 09:42:39,1.545,2025-12-17 09:43:45,1.546,66,139300.0,6.4724919093858375,2.0,4.4724919093858375,96.24237000002177
2025-12-17 09:45:57,1.546,2025-12-17 09:47:57,1.547,120,139300.0,6.468305304009636,2.0,4.468305304009637,96.21450999996159
2025-12-17 09:57:12,1.544,2025-12-17 09:58:39,1.545,87,139500.0,6.476683937823121,2.0,4.476683937823121,96.40844999998808
2025-12-17 10:00:30,1.545,2025-12-17 10:02:30,1.546,120,139500.0,6.4724919093858375,2.0,4.4724919093858375,96.38055000000168
2025-12-17 10:08:42,1.544,2025-12-17 10:10:09,1.545,87,139600.0,6.476683937823121,2.0,4.476683937823121,96.47755999999936
2025-12-17 10:10:27,1.545,2025-12-17 10:11:06,1.546,39,139600.0,6.4724919093858375,2.0,4.4724919093858375,96.44964000000618
2025-12-17 10:16:30,1.546,2025-12-17 10:18:27,1.547,117,139600.0,6.468305304009636,2.0,4.468305304009637,96.4217199999839
2025-12-17 10:20:15,1.547,2025-12-17 10:22:09,1.548,114,139500.0,6.464124111183659,2.0,4.464124111183659,96.32474999999977
2025-12-17 10:25:39,1.547,2025-12-17 10:27:36,1.548,117,139600.0,6.464124111183659,2.0,4.464124111183659,96.39380000004894
2025-12-17 10:28:33,1.548,2025-12-17 10:29:30,1.549,57,139600.0,6.459948320412725,2.0,4.459948320412725,96.36587999999756
2025-12-17 10:58:27,1.546,2025-12-17 11:00:21,1.547,114,139800.0,6.468305304009636,2.0,4.468305304009637,96.55985999995028
2025-12-17 13:31:12,1.546,2025-12-17 13:32:06,1.547,54,139900.0,6.468305304009636,2.0,4.468305304009637,96.62892999997712
2025-12-17 13:39:09,1.548,2025-12-17 13:41:09,1.549,120,139800.0,6.459948320412725,2.0,4.459948320412725,96.50393999999505
2025-12-17 13:43:09,1.55,2025-12-17 13:45:03,1.551,114,139600.0,6.4516129032250955,2.0,4.4516129032250955,96.31003999998211
2025-12-17 13:47:54,1.551,2025-12-17 13:49:54,1.552,120,139600.0,6.447453255964616,2.0,4.447453255964617,96.28212000004714
2025-12-17 13:50:18,1.551,2025-12-17 13:51:03,1.552,45,139700.0,6.447453255964616,2.0,4.447453255964617,96.35109000004013
2025-12-17 13:57:12,1.553,2025-12-17 13:58:54,1.554,102,139600.0,6.439150032196471,2.0,4.439150032196471,96.22628000000259
2025-12-17 14:01:51,1.555,2025-12-17 14:03:51,1.556,120,139400.0,6.430868167203292,2.0,4.430868167203292,96.03265999999712
2025-12-17 14:08:09,1.556,2025-12-17 14:10:06,1.557,117,139400.0,6.426735218508289,2.0,4.4267352185082895,96.00478000001749
2025-12-17 14:21:39,1.556,2025-12-17 14:23:09,1.557,90,139500.0,6.426735218508289,2.0,4.4267352185082895,96.07365000000573
2025-12-18 09:33:09,1.546,2025-12-18 09:34:00,1.547,51,140400.0,6.468305304009636,2.0,4.468305304009637,96.9742799999949
2025-12-18 09:35:21,1.546,2025-12-18 09:37:15,1.547,114,140500.0,6.468305304009636,2.0,4.468305304009637,97.04334999999264
2025-12-18 09:37:21,1.547,2025-12-18 09:39:06,1.548,105,140500.0,6.464124111183659,2.0,4.464124111183659,97.01524999999674
2025-12-18 09:39:27,1.548,2025-12-18 09:41:27,1.549,120,140500.0,6.459948320412725,2.0,4.459948320412725,96.98715000000084
2025-12-18 09:46:39,1.549,2025-12-18 09:48:39,1.55,120,140400.0,6.455777921240232,2.0,4.455777921240232,96.89004000002751
2025-12-18 09:52:15,1.551,2025-12-18 09:54:09,1.552,114,140300.0,6.447453255964616,2.0,4.447453255964617,96.76491000002716
2025-12-18 09:54:12,1.552,2025-12-18 09:55:12,1.553,60,140300.0,6.443298969071455,2.0,4.443298969071455,96.73684999998659
2025-12-18 10:01:27,1.554,2025-12-18 10:03:15,1.555,108,140200.0,6.435006435005726,2.0,4.435006435005726,96.61181999996188
2025-12-18 10:09:42,1.553,2025-12-18 10:11:12,1.554,90,140300.0,6.439150032196471,2.0,4.439150032196471,96.70879000000423
2025-12-18 10:12:42,1.554,2025-12-18 10:14:03,1.555,81,140300.0,6.435006435005726,2.0,4.435006435005726,96.68072999999276
2025-12-18 10:15:30,1.555,2025-12-18 10:17:30,1.556,120,140300.0,6.430868167203292,2.0,4.430868167203292,96.6526700000395
2025-12-18 10:19:33,1.557,2025-12-18 10:21:30,1.558,117,140100.0,6.422607578677662,2.0,4.422607578677662,96.45885000002454
2025-12-18 10:45:21,1.553,2025-12-18 10:47:15,1.554,114,140600.0,6.439150032196471,2.0,4.439150032196471,96.91558000000077
2025-12-18 11:07:54,1.552,2025-12-18 11:09:54,1.553,120,140700.0,6.443298969071455,2.0,4.443298969071455,97.01264999998966
2025-12-18 13:05:24,1.552,2025-12-18 13:07:24,1.553,120,140800.0,6.443298969071455,2.0,4.443298969071455,97.08159999997588
2025-12-18 13:12:03,1.554,2025-12-18 13:13:30,1.555,87,140700.0,6.435006435005726,2.0,4.435006435005726,96.95636999997078
2025-12-18 14:28:06,1.551,2025-12-18 14:30:03,1.552,117,141000.0,6.447453255964616,2.0,4.447453255964617,97.24769999997807
2025-12-23 09:35:09,1.58,2025-12-23 09:36:33,1.581,84,138500.0,6.329113924049936,2.0,4.329113924049936,94.72015000000829
2025-12-23 10:00:24,1.579,2025-12-23 10:01:36,1.58,72,138600.0,6.333122229259734,2.0,4.333122229259734,94.81626000002143
2025-12-23 10:05:06,1.579,2025-12-23 10:07:06,1.58,120,138700.0,6.333122229259734,2.0,4.333122229259734,94.88467000002856
2025-12-23 10:10:27,1.58,2025-12-23 10:12:12,1.581,105,138600.0,6.329113924049936,2.0,4.329113924049936,94.78854000000865
2025-12-23 10:12:15,1.581,2025-12-23 10:13:48,1.582,93,138600.0,6.325110689437773,2.0,4.325110689437773,94.76081999999587
2025-12-23 11:10:54,1.579,2025-12-23 11:12:45,1.58,111,138900.0,6.333122229259734,2.0,4.333122229259734,95.02148999998462
2025-12-23 11:20:27,1.581,2025-12-23 11:22:27,1.582,120,138700.0,6.325110689437773,2.0,4.325110689437773,94.82919000004767
2025-12-23 14:18:27,1.572,2025-12-23 14:20:24,1.573,117,139600.0,6.361323155215584,2.0,4.361323155215584,95.69579999998678
2025-12-24 09:30:51,1.574,2025-12-24 09:31:45,1.575,54,139500.0,6.353240152477063,2.0,4.353240152477063,95.57144999998854
2025-12-24 09:36:21,1.575,2025-12-24 09:37:57,1.576,96,139400.0,6.34920634920706,2.0,4.34920634920706,95.47506000002613
2025-12-24 09:38:00,1.576,2025-12-24 09:39:54,1.577,114,139400.0,6.345177664973921,2.0,4.345177664973921,95.4471799999883
2025-12-24 09:40:03,1.577,2025-12-24 09:41:48,1.578,105,139400.0,6.341154090045098,2.0,4.341154090045098,95.41930000003777
2025-12-24 09:45:18,1.576,2025-12-24 09:47:18,1.577,120,139500.0,6.345177664973921,2.0,4.345177664973921,95.51565000001574
2025-12-24 09:54:12,1.576,2025-12-24 09:56:03,1.577,111,139600.0,6.345177664973921,2.0,4.345177664973921,95.58411999998498
2025-12-24 09:58:51,1.576,2025-12-24 10:00:51,1.577,120,139700.0,6.345177664973921,2.0,4.345177664973921,95.65259000001242
2025-12-24 10:18:48,1.576,2025-12-24 10:20:45,1.577,117,139700.0,6.345177664973921,2.0,4.345177664973921,95.65259000001242
2025-12-24 10:48:27,1.576,2025-12-24 10:50:27,1.577,120,139800.0,6.345177664973921,2.0,4.345177664973921,95.72106000001077
2025-12-24 10:50:30,1.578,2025-12-24 10:51:57,1.579,87,139700.0,6.337135614701456,2.0,4.337135614701456,95.59671000001254
2025-12-24 10:56:27,1.576,2025-12-24 10:57:00,1.577,33,139900.0,6.345177664973921,2.0,4.345177664973921,95.7895299999509
2025-12-24 11:04:36,1.576,2025-12-24 11:06:36,1.577,120,140000.0,6.345177664973921,2.0,4.345177664973921,95.85800000000745
2025-12-24 14:50:54,1.572,2025-12-24 14:52:03,1.573,69,140400.0,6.361323155215584,2.0,4.361323155215584,96.24419999998645
2025-12-29 09:30:06,1.579,2025-12-29 09:31:33,1.581,87,139800.0,12.66624445851806,2.0,10.66624445851806,235.42320000001928
2025-12-29 09:31:36,1.582,2025-12-29 09:33:15,1.584,99,139700.0,12.642225031605573,2.0,10.642225031605571,235.17098000002443
2025-12-29 09:33:27,1.584,2025-12-29 09:35:03,1.585,96,139700.0,6.313131313130618,2.0,4.313131313130618,95.42907000001287
2025-12-29 09:38:15,1.584,2025-12-29 09:40:15,1.585,120,139700.0,6.313131313130618,2.0,4.313131313130618,95.42907000001287
2025-12-29 09:43:27,1.583,2025-12-29 09:45:27,1.584,120,139900.0,6.317119393557245,2.0,4.317119393557246,95.59367000003112
2025-12-29 09:45:42,1.584,2025-12-29 09:47:03,1.585,81,139900.0,6.313131313130618,2.0,4.313131313130618,95.56568999998854
2025-12-29 09:47:06,1.585,2025-12-29 09:49:03,1.586,117,139800.0,6.309148264984933,2.0,4.309148264984934,95.46942000000854
2025-12-29 09:49:12,1.586,2025-12-29 09:51:12,1.587,120,139800.0,6.305170239595774,2.0,4.305170239595775,95.44146000000183
2025-12-29 10:03:12,1.58,2025-12-29 10:04:21,1.581,69,140400.0,6.329113924049936,2.0,4.329113924049936,96.01955999998609
2025-12-29 10:08:00,1.579,2025-12-29 10:09:15,1.58,75,140500.0,6.333122229259734,2.0,4.333122229259734,96.11605000001146
2025-12-29 10:14:57,1.581,2025-12-29 10:15:57,1.582,60,140400.0,6.325110689437773,2.0,4.325110689437773,95.99148000002606
2025-12-29 10:16:00,1.583,2025-12-29 10:17:51,1.584,111,140300.0,6.317119393557245,2.0,4.317119393557246,95.86699000000954
2025-12-29 10:18:00,1.584,2025-12-29 10:19:48,1.585,108,140300.0,6.313131313130618,2.0,4.313131313130618,95.83892999999807
2025-12-29 10:26:09,1.583,2025-12-29 10:28:09,1.584,120,140400.0,6.317119393557245,2.0,4.317119393557246,95.93532000001869
2025-12-29 10:29:12,1.584,2025-12-29 10:30:21,1.585,69,140400.0,6.313131313130618,2.0,4.313131313130618,95.90724000000046
2025-12-29 10:33:57,1.584,2025-12-29 10:35:54,1.585,117,140500.0,6.313131313130618,2.0,4.313131313130618,95.97555000003194
2025-12-29 13:02:30,1.574,2025-12-29 13:03:39,1.575,69,141400.0,6.353240152477063,2.0,4.353240152477063,96.87314000001061
2025-12-30 09:34:39,1.558,2025-12-30 09:36:36,1.559,117,142900.0,6.418485237483247,2.0,4.418485237483247,98.3580700000166
2025-12-30 09:36:39,1.56,2025-12-30 09:37:24,1.561,45,142800.0,6.4102564102557045,2.0,4.4102564102557045,98.23212000000058
2025-12-30 09:42:15,1.558,2025-12-30 09:43:09,1.559,54,143100.0,6.418485237483247,2.0,4.418485237483247,98.49572999996599
2025-12-30 09:43:33,1.559,2025-12-30 09:45:27,1.56,114,143000.0,6.414368184734522,2.0,4.414368184734522,98.39830000000075
2025-12-30 09:50:33,1.558,2025-12-30 09:51:27,1.559,54,143200.0,6.418485237483247,2.0,4.418485237483247,98.56455999999889
2025-12-30 09:52:21,1.559,2025-12-30 09:54:12,1.56,111,143200.0,6.414368184734522,2.0,4.414368184734522,98.5359200000239
2025-12-30 09:57:45,1.561,2025-12-30 09:59:45,1.562,120,143000.0,6.406149903908469,2.0,4.406149903908469,98.34109999999055
2025-12-30 10:04:00,1.561,2025-12-30 10:04:57,1.562,57,143100.0,6.406149903908469,2.0,4.406149903908469,98.40987000000314
2025-12-30 10:08:57,1.561,2025-12-30 10:10:03,1.562,66,143200.0,6.406149903908469,2.0,4.406149903908469,98.47864000001573
2025-12-30 10:12:09,1.562,2025-12-30 10:14:06,1.563,117,143100.0,6.402048655569077,2.0,4.402048655569078,98.38124999997672
2025-12-30 10:18:51,1.565,2025-12-30 10:20:51,1.566,120,142900.0,6.389776357828191,2.0,4.389776357828192,98.15801000001375
2025-12-30 10:28:54,1.562,2025-12-30 10:30:54,1.563,120,143300.0,6.402048655569077,2.0,4.402048655569078,98.51874999998836
2025-12-30 10:33:57,1.562,2025-12-30 10:35:42,1.563,105,143300.0,6.402048655569077,2.0,4.402048655569078,98.51874999998836
2025-12-30 10:47:09,1.562,2025-12-30 10:49:09,1.563,120,143400.0,6.402048655569077,2.0,4.402048655569078,98.58749999996508
2025-12-30 10:52:18,1.563,2025-12-30 10:54:12,1.564,114,143400.0,6.397952655151069,2.0,4.397952655151069,98.55882000003476
2025-12-30 13:07:24,1.562,2025-12-30 13:09:21,1.563,117,143500.0,6.402048655569077,2.0,4.402048655569078,98.65625
2025-12-30 13:12:03,1.564,2025-12-30 13:13:57,1.565,114,143400.0,6.393861892582416,2.0,4.393861892582416,98.53014000001713
2025-12-30 13:15:06,1.566,2025-12-30 13:16:54,1.567,108,143300.0,6.385696040867751,2.0,4.385696040867751,98.40410999997403
2025-12-30 13:18:36,1.567,2025-12-30 13:20:30,1.568,114,143200.0,6.38162093171737,2.0,4.38162093171737,98.3068000000203
2025-12-30 13:20:54,1.569,2025-12-30 13:22:51,1.57,117,143100.0,6.373486297005175,2.0,4.373486297005175,98.1809100000246
2025-12-30 13:38:00,1.569,2025-12-30 13:39:21,1.57,81,143200.0,6.373486297005175,2.0,4.373486297005175,98.24952000001213
2025-12-30 13:45:09,1.57,2025-12-30 13:47:09,1.571,120,143200.0,6.3694267515916545,2.0,4.369426751591655,98.22087999997893
2026-01-06 09:35:30,1.607,2026-01-06 09:37:30,1.608,120,139900.0,6.222775357810279,2.0,4.22277535781028,94.92215000002761
2026-01-06 09:37:33,1.609,2026-01-06 09:39:06,1.61,93,139800.0,6.215040397763281,2.0,4.215040397763281,94.7983799999929
2026-01-06 09:39:24,1.61,2026-01-06 09:40:30,1.611,66,139800.0,6.211180124222919,2.0,4.211180124222919,94.77041999998619
2026-01-06 09:40:33,1.612,2026-01-06 09:42:15,1.613,102,139700.0,6.203473945408745,2.0,4.203473945408746,94.64675000001444
2026-01-06 09:43:45,1.612,2026-01-06 09:45:39,1.613,114,139700.0,6.203473945408745,2.0,4.203473945408746,94.64675000001444
2026-01-06 09:51:24,1.611,2026-01-06 09:52:33,1.612,69,139900.0,6.207324643079528,2.0,4.207324643079528,94.81023000003188
2026-01-06 09:54:39,1.612,2026-01-06 09:55:21,1.613,42,139800.0,6.203473945408745,2.0,4.203473945408746,94.71450000000186
2026-01-06 09:55:30,1.613,2026-01-06 09:57:27,1.614,117,139800.0,6.199628022319354,2.0,4.199628022319355,94.68654000002425
2026-01-06 09:59:57,1.615,2026-01-06 10:01:54,1.616,117,139700.0,6.191950464396978,2.0,4.191950464396978,94.5629300000437
2026-01-06 10:13:27,1.616,2026-01-06 10:14:33,1.617,66,139700.0,6.188118811880506,2.0,4.188118811880506,94.53499000001466
2026-01-06 10:17:45,1.618,2026-01-06 10:19:45,1.619,120,139600.0,6.180469715697711,2.0,4.180469715697712,94.41147999998066
2026-01-06 10:27:00,1.618,2026-01-06 10:29:00,1.619,120,139600.0,6.180469715697711,2.0,4.180469715697712,94.41147999998066
2026-01-06 10:38:12,1.612,2026-01-06 10:38:48,1.613,36,140200.0,6.203473945408745,2.0,4.203473945408746,94.98549999998068
2026-01-06 10:39:30,1.613,2026-01-06 10:41:30,1.614,120,140200.0,6.199628022319354,2.0,4.199628022319355,94.95746000000509
2026-01-06 10:44:06,1.613,2026-01-06 10:46:06,1.614,120,140200.0,6.199628022319354,2.0,4.199628022319355,94.95746000000509
2026-01-06 10:46:18,1.615,2026-01-06 10:47:51,1.616,93,140100.0,6.191950464396978,2.0,4.191950464396978,94.83368999999948
2026-01-06 10:48:33,1.617,2026-01-06 10:50:30,1.618,117,140000.0,6.184291898578305,2.0,4.184291898578305,94.71000000002095
2026-01-06 10:51:06,1.619,2026-01-06 10:53:00,1.62,114,139900.0,6.176652254478764,2.0,4.176652254478764,94.5863900000113
2026-01-06 10:54:36,1.62,2026-01-06 10:56:27,1.621,111,139800.0,6.17283950617216,2.0,4.17283950617216,94.49081999997725
2026-01-06 11:11:15,1.62,2026-01-06 11:13:15,1.621,120,139900.0,6.17283950617216,2.0,4.17283950617216,94.55840999996872
2026-01-06 13:11:33,1.619,2026-01-06 13:13:00,1.62,87,140000.0,6.176652254478764,2.0,4.176652254478764,94.65400000003865
2026-01-06 13:15:21,1.62,2026-01-06 13:17:21,1.621,120,140000.0,6.17283950617216,2.0,4.17283950617216,94.62599999998929
2026-01-06 13:44:09,1.616,2026-01-06 13:46:06,1.617,117,140400.0,6.188118811880506,2.0,4.188118811880506,95.0086799999699
2026-01-06 13:47:00,1.617,2026-01-06 13:48:57,1.618,117,140400.0,6.184291898578305,2.0,4.184291898578305,94.98060000003898
2026-01-07 09:31:51,1.607,2026-01-07 09:32:27,1.608,36,141300.0,6.222775357810279,2.0,4.22277535781028,95.8720500000054
2026-01-07 09:34:24,1.607,2026-01-07 09:35:33,1.608,69,141400.0,6.222775357810279,2.0,4.22277535781028,95.93990000002668
2026-01-07 09:35:42,1.607,2026-01-07 09:36:33,1.608,51,141500.0,6.222775357810279,2.0,4.22277535781028,96.00774999998976
2026-01-07 09:36:42,1.608,2026-01-07 09:38:27,1.609,105,141400.0,6.218905472636131,2.0,4.218905472636131,95.91161999999895
2026-01-07 09:40:18,1.609,2026-01-07 09:41:24,1.61,66,141400.0,6.215040397763281,2.0,4.215040397763281,95.88334000000032
2026-01-07 10:27:30,1.602,2026-01-07 10:29:30,1.603,120,142100.0,6.242197253432521,2.0,4.242197253432521,96.55694999999832
2026-01-07 11:04:39,1.603,2026-01-07 11:06:39,1.604,120,142000.0,6.238303181535321,2.0,4.238303181535321,96.46060000002035
2026-01-07 11:15:51,1.603,2026-01-07 11:16:57,1.604,66,142100.0,6.238303181535321,2.0,4.238303181535321,96.52853000003961
2026-01-07 13:06:36,1.599,2026-01-07 13:08:33,1.6,117,142500.0,6.253908692933783,2.0,4.253908692933784,96.91425000000163
2026-01-07 14:00:42,1.597,2026-01-07 14:02:42,1.598,120,142800.0,6.261740763933075,2.0,4.261740763933075,97.17540000003646
2026-01-07 14:10:51,1.599,2026-01-07 14:12:48,1.6,117,142600.0,6.253908692933783,2.0,4.253908692933784,96.98226000001887
2026-01-07 14:22:39,1.599,2026-01-07 14:24:15,1.6,96,142700.0,6.253908692933783,2.0,4.253908692933784,97.050270000007
2026-01-08 09:32:03,1.59,2026-01-08 09:32:51,1.591,48,143600.0,6.289308176099936,2.0,4.289308176099936,97.92084000003524
2026-01-08 09:34:42,1.59,2026-01-08 09:36:42,1.591,120,143600.0,6.289308176099936,2.0,4.289308176099936,97.92084000003524
2026-01-08 09:37:09,1.591,2026-01-08 09:38:51,1.592,102,143600.0,6.285355122565129,2.0,4.285355122565129,97.89212000003317
2026-01-08 09:42:36,1.589,2026-01-08 09:44:36,1.59,120,143800.0,6.293266205161182,2.0,4.293266205161182,98.08598000000347
2026-01-08 09:48:06,1.588,2026-01-08 09:50:06,1.589,120,144000.0,6.297229219142883,2.0,4.297229219142883,98.25119999999879
2026-01-08 09:54:21,1.587,2026-01-08 09:56:12,1.588,111,144200.0,6.301197227473925,2.0,4.301197227473925,98.41650000002119
2026-01-08 09:57:12,1.588,2026-01-08 09:58:21,1.589,69,144100.0,6.297229219142883,2.0,4.297229219142883,98.31942999997409
2026-01-08 09:58:54,1.589,2026-01-08 09:59:39,1.59,45,144100.0,6.293266205161182,2.0,4.293266205161182,98.29060999999638
2026-01-08 10:23:36,1.582,2026-01-08 10:25:30,1.583,114,144800.0,6.321112515802085,2.0,4.321112515802085,98.97079999998095
2026-01-08 10:41:48,1.582,2026-01-08 10:43:30,1.583,102,144900.0,6.321112515802085,2.0,4.321112515802085,99.03914999999688
2026-01-08 10:44:12,1.583,2026-01-08 10:46:09,1.584,117,144800.0,6.317119393557245,2.0,4.317119393557246,98.94184000001405
2026-01-08 10:56:15,1.584,2026-01-08 10:58:12,1.585,117,144800.0,6.313131313130618,2.0,4.313131313130618,98.91287999998895
2026-01-08 13:19:39,1.583,2026-01-08 13:21:33,1.584,114,145000.0,6.317119393557245,2.0,4.317119393557246,99.07850000000326
