symbol,tx_server_time,tx_local_time,bd_server_time,bd_local_time,price,iopv,premium_rate,index_price,fx_rate,sentiment,tick_vol,tick_amt,tick_vwap,interval_s,bp1,bv1,bp2,bv2,bp3,bv3,bp4,bv4,bp5,bv5,sp1,sv1,sp2,sv2,sp3,sv3,sp4,sv4,sp5,sv5,idx_delay_ms,fut_delay_ms,data_flags,fut_local_time,fut_tick_time,fut_price,fut_mid,fut_imb,fut_delta_vol,fut_pct
sz159920,09:35:42,1767576946766,09:36:46,1767576946404,1.59,1.5955,-0.3447,26299.57,0.8972,0.4592,0,0,1.59,0.0,1.590,745100,1.589,7076000,1.588,4512500,1.587,2009800,1.586,1748800,1.591,6414000,1.592,7731000,1.593,5593700,1.594,5608300,1.595,1718300,362,274,1,09:35:46.492,09:35:46,26333.68,26338.0,0.6,1,-0.36
sz159920,09:35:42,1767576947738,09:36:46,1767576946404,1.59,1.5955,-0.3447,26299.57,0.8972,0.45,0,0,1.59,0.972,1.590,745100,1.589,7076000,1.588,4512500,1.587,2009800,1.586,1748800,1.591,6414000,1.592,7731000,1.593,5593700,1.594,5608300,1.595,1718300,1333,253,0,09:35:47.485,09:35:46,26336.41,26341.5,0.11,0,-0.35
sz159920,09:35:45,1767576948734,09:36:48,1767576948396,1.59,1.5961,-0.3822,26304.14,0.8972,0.6861,1117700,1777183,1.59,0.996,1.590,3860000,1.589,7076000,1.588,4512500,1.587,2009800,1.586,1750800,1.591,5552800,1.592,7935400,1.593,5585800,1.594,5660300,1.595,1720300,338,214,0,09:35:48.520,09:35:48,26329.56,26331.0,0.2,9,-0.38
sz159920,09:35:45,1767576949725,09:36:48,1767576948979,1.59,1.5961,-0.3822,26304.14,0.8972,0.8112,0,0,1.59,0.991,1.590,3860000,1.589,7076000,1.588,4512500,1.587,2009800,1.586,1750800,1.591,5552800,1.592,7935400,1.593,5585800,1.594,5660300,1.595,1720300,746,230,0,09:35:49.495,09:35:49,26325.88,26329.0,-0.2,2,-0.39
sz159920,09:35:45,1767576950736,09:36:50,1767576950423,1.59,1.5961,-0.3822,26298.37,0.8972,3.7632,0,0,1.59,1.011,1.590,3860000,1.589,7076000,1.588,4512500,1.587,2009800,1.586,1750800,1.591,5552800,1.592,7935400,1.593,5585800,1.594,5660300,1.595,1720300,312,233,0,09:35:50.502,09:35:50,26333.68,26337.5,-0.2,44,-0.36
sz159920,09:35:48,1767576951755,09:36:50,1767576950951,1.59,1.5961,-0.3822,26298.37,0.8972,4.3037,176300,280317,1.59,1.02,1.589,6076000,1.588,4452500,1.587,2009800,1.586,1750800,1.585,1987800,1.590,454200,1.591,9451800,1.592,7866500,1.593,5679300,1.594,2660300,803,250,0,09:35:51.505,09:35:51,26332.77,26337.5,0.0,2,-0.36
sz159920,09:35:48,1767576952743,09:36:52,1767576952512,1.59,1.5961,-0.3822,26295.13,0.8972,3.3198,0,0,1.59,0.988,1.589,6076000,1.588,4452500,1.587,2009800,1.586,1750800,1.585,1987800,1.590,454200,1.591,9451800,1.592,7866500,1.593,5679300,1.594,2660300,230,228,0,09:35:52.515,09:35:51,26330.04,26334.5,0.14,0,-0.37
sz159920,09:35:48,1767576953759,09:36:52,1767576952512,1.59,1.5961,-0.3822,26295.13,0.8972,3.362,0,0,1.59,1.016,1.589,6076000,1.588,4452500,1.587,2009800,1.586,1750800,1.585,1987800,1.590,454200,1.591,9451800,1.592,7866500,1.593,5679300,1.594,2660300,1246,220,0,09:35:53.538,09:35:51,26330.04,26334.5,0.14,0,-0.37
sz159920,09:35:51,1767576954745,09:36:54,1767576954684,1.59,1.5961,-0.3822,26295.97,0.8972,3.8366,1088500,1730715,1.59,0.986,1.590,1700,1.589,7055200,1.588,4452500,1.587,2009800,1.586,1750800,1.591,5680900,1.592,7866500,1.593,5585800,1.594,2660300,1.595,1720300,60,220,0,09:35:54.525,09:35:54,26326.49,26330.0,-0.2,3,-0.39
sz159920,09:35:51,1767576955753,09:36:54,1767576954947,1.59,1.5961,-0.3822,26295.97,0.8972,2.9571,0,0,1.59,1.008,1.590,1700,1.589,7055200,1.588,4452500,1.587,2009800,1.586,1750800,1.591,5680900,1.592,7866500,1.593,5585800,1.594,2660300,1.595,1720300,806,232,0,09:35:55.521,09:35:55,26324.04,26327.0,0.0,13,-0.4
sz159920,09:35:54,1767576956757,09:36:56,1767576956416,1.59,1.5961,-0.3822,26291.75,0.8972,3.4319,66100,105099,1.59,1.003,1.590,700,1.589,6053200,1.588,4152500,1.587,2009800,1.586,2050800,1.591,6880100,1.592,7866500,1.593,5682800,1.594,4485500,1.595,1739400,340,249,0,09:35:56.507,09:35:56,26325.1,26329.0,-0.6,3,-0.39
sz159920,09:35:54,1767576957742,09:36:56,1767576956857,1.59,1.5961,-0.3822,26291.75,0.8972,3.3633,0,0,1.59,0.986,1.590,700,1.589,6053200,1.588,4152500,1.587,2009800,1.586,2050800,1.591,6880100,1.592,7866500,1.593,5682800,1.594,4485500,1.595,1739400,885,197,0,09:35:57.545,09:35:57,26322.04,26325.5,0.71,8,-0.4
sz159920,09:35:54,1767576958745,09:36:58,1767576958432,1.59,1.5961,-0.3822,26291.44,0.8972,2.7636,0,0,1.59,1.003,1.590,700,1.589,6053200,1.588,4152500,1.587,2009800,1.586,2050800,1.591,6880100,1.592,7866500,1.593,5682800,1.594,4485500,1.595,1739400,313,220,0,09:35:58.525,09:35:57,26321.15,26326.0,-0.6,0,-0.41
sz159920,09:35:54,1767576959754,09:36:58,1767576959018,1.59,1.5961,-0.3822,26291.44,0.8972,3.313,0,0,1.59,1.009,1.590,700,1.589,6053200,1.588,4152500,1.587,2009800,1.586,2050800,1.591,6880100,1.592,7866500,1.593,5682800,1.594,4485500,1.595,1739400,735,242,0,09:35:59.511,09:35:59,26324.96,26327.0,0.67,9,-0.39
sz159920,09:35:57,1767576960745,09:37:00,1767576960405,1.59,1.5961,-0.3822,26293.55,0.8972,3.2659,34000,54060,1.59,0.991,1.589,6063200,1.588,4152500,1.587,2009800,1.586,2048800,1.585,2225600,1.590,1682100,1.591,6902500,1.592,7728200,1.593,5582800,1.594,4485500,340,217,0,09:36:00.527,09:36:00,26324.2,26329.0,0.2,3,-0.4
sz159920,09:35:57,1767576961745,09:37:00,1767576961185,1.59,1.5961,-0.3822,26293.55,0.8972,2.8136,0,0,1.59,1.0,1.589,6063200,1.588,4152500,1.587,2009800,1.586,2048800,1.585,2225600,1.590,1682100,1.591,6902500,1.592,7728200,1.593,5582800,1.594,4485500,560,211,0,09:36:01.534,09:36:01,26328.22,26331.0,0.43,20,-0.38
sz159920,09:35:57,1767576962765,09:37:02,1767576962424,1.59,1.5961,-0.3822,26291.91,0.8972,3.4877,0,0,1.59,1.019,1.589,6063200,1.588,4152500,1.587,2009800,1.586,2048800,1.585,2225600,1.590,1682100,1.591,6902500,1.592,7728200,1.593,5582800,1.594,4485500,340,239,0,09:36:02.525,09:36:02,26332.32,26336.0,0.5,2,-0.37
sz159920,09:36:00,1767576963753,09:37:02,1767576963381,1.59,1.5961,-0.3822,26291.91,0.8972,3.1095,800,1272,1.59,0.988,1.589,6063200,1.588,4162500,1.587,2009800,1.586,2048800,1.585,2225700,1.590,1832200,1.591,11364900,1.592,7731700,1.593,5582800,1.594,1485500,371,214,0,09:36:03.538,09:36:03,26332.3,26338.0,-0.11,2,-0.37
sz159920,09:36:00,1767576964766,09:37:04,1767576964490,1.59,1.5961,-0.3822,26292.82,0.8972,2.5633,0,0,1.59,1.013,1.589,6063200,1.588,4162500,1.587,2009800,1.586,2048800,1.585,2225700,1.590,1832200,1.591,11364900,1.592,7731700,1.593,5582800,1.594,1485500,276,240,0,09:36:04.525,09:36:04,26335.39,26343.0,0.6,6,-0.35
sz159920,09:36:03,1767576965755,09:37:04,1767576965556,1.59,1.5961,-0.3822,26292.82,0.8972,2.7359,1282700,2039493,1.59,0.989,1.590,6543000,1.589,4763200,1.588,4462500,1.587,2009800,1.586,1750800,1.591,6468000,1.592,4948200,1.593,5586800,1.594,4485500,1.595,1739400,198,217,0,09:36:05.537,09:36:05,26332.77,26336.5,0.0,1,-0.36
sz159920,09:36:03,1767576966765,09:37:06,1767576966413,1.59,1.5961,-0.3822,26293.93,0.8972,2.5734,0,0,1.59,1.01,1.590,6543000,1.589,4763200,1.588,4462500,1.587,2009800,1.586,1750800,1.591,6468000,1.592,4948200,1.593,5586800,1.594,4485500,1.595,1739400,352,240,0,09:36:06.524,09:36:06,26333.24,26338.0,-0.33,1,-0.36
sz159920,09:36:03,1767576967763,09:37:06,1767576967729,1.59,1.5961,-0.3822,26293.93,0.8972,2.9079,0,0,1.59,0.998,1.590,6543000,1.589,4763200,1.588,4462500,1.587,2009800,1.586,1750800,1.591,6468000,1.592,4948200,1.593,5586800,1.594,4485500,1.595,1739400,33,227,0,09:36:07.535,09:36:06,26333.24,26336.0,0.6,0,-0.36
sz159920,09:36:06,1767576968764,09:37:08,1767576968385,1.59,1.5961,-0.3822,26298.65,0.8972,2.5935,126700,201453,1.59,1.001,1.590,2353900,1.589,7063200,1.588,4462500,1.587,2009800,1.586,1750800,1.591,5758100,1.592,4948200,1.593,5586800,1.594,4485500,1.595,1739400,378,231,0,09:36:08.532,09:36:08,26329.16,26335.0,0.5,1,-0.38
sz159920,09:36:06,1767576969779,09:37:08,1767576968385,1.59,1.5961,-0.3822,26298.65,0.8972,2.5439,0,0,1.59,1.015,1.590,2353900,1.589,7063200,1.588,4462500,1.587,2009800,1.586,1750800,1.591,5758100,1.592,4948200,1.593,5586800,1.594,4485500,1.595,1739400,1393,242,0,09:36:09.536,09:36:09,26328.7,26332.0,0.67,2,-0.38
sz159920,09:36:06,1767576970768,09:37:10,1767576970497,1.59,1.5961,-0.3822,26293.15,0.8972,2.0013,0,0,1.59,0.989,1.590,2353900,1.589,7063200,1.588,4462500,1.587,2009800,1.586,1750800,1.591,5758100,1.592,4948200,1.593,5586800,1.594,4485500,1.595,1739400,270,234,0,09:36:10.533,09:36:09,26328.7,26333.0,0.0,0,-0.38
sz159920,09:36:06,1767576971757,09:37:10,1767576970497,1.59,1.5961,-0.3822,26293.15,0.8972,1.9782,0,0,1.59,0.989,1.590,2353900,1.589,7063200,1.588,4462500,1.587,2009800,1.586,1750800,1.591,5758100,1.592,4948200,1.593,5586800,1.594,4485500,1.595,1739400,1259,195,0,09:36:11.561,09:36:10,26329.56,26333.0,-0.33,0,-0.38
sz159920,09:36:09,1767576972775,09:37:12,1767576972409,1.59,1.5961,-0.3822,26292.77,0.8972,1.7161,978100,1555179,1.59,1.018,1.589,7063200,1.588,4162500,1.587,2009800,1.586,2050800,1.585,2225700,1.590,369900,1.591,5762600,1.592,4948200,1.593,5586800,1.594,4485500,365,230,0,09:36:12.544,09:36:12,26324.58,26329.0,0.5,4,-0.4
sz159920,09:36:09,1767576973791,09:37:12,1767576972409,1.59,1.5961,-0.3822,26292.77,0.8972,1.6824,0,0,1.59,1.016,1.589,7063200,1.588,4162500,1.587,2009800,1.586,2050800,1.585,2225700,1.590,369900,1.591,5762600,1.592,4948200,1.593,5586800,1.594,4485500,1381,227,0,09:36:13.564,09:36:12,26324.58,26328.0,-0.5,0,-0.4
sz159920,09:36:09,1767576974771,09:37:14,1767576974392,1.59,1.5961,-0.3822,26293.8,0.8972,1.9829,0,0,1.59,0.979,1.589,7063200,1.588,4162500,1.587,2009800,1.586,2050800,1.585,2225700,1.590,369900,1.591,5762600,1.592,4948200,1.593,5586800,1.594,4485500,378,195,0,09:36:14.575,09:36:14,26324.96,26328.0,0.6,2,-0.39
sz159920,09:36:12,1767576975783,09:37:14,1767576974392,1.59,1.5961,-0.3822,26293.8,0.8972,2.7504,600,954,1.59,1.012,1.589,6063200,1.588,4162500,1.587,2009800,1.586,2050800,1.585,2225700,1.590,1120600,1.591,6526900,1.592,4731700,1.593,5588800,1.594,4485500,1390,213,0,09:36:15.569,09:36:15,26327.31,26331.5,-0.5,2,-0.38
sz159920,09:36:15,1767576976775,09:37:16,1767576976439,1.59,1.5959,-0.3697,26294.05,0.8972,2.7713,36100,57399,1.59,0.992,1.589,6063100,1.588,4162500,1.587,2009800,1.586,2050800,1.585,2225700,1.590,623900,1.591,6526400,1.592,4741700,1.593,5591800,1.594,4445500,335,200,0,09:36:16.574,09:36:16,26327.8,26332.0,-0.6,1,-0.38
sz159920,09:36:12,1767576977774,09:37:16,1767576976439,1.59,1.5961,-0.3822,26294.05,0.8972,2.992,0,0,1.59,0.999,1.589,6063200,1.588,4162500,1.587,2009800,1.586,2050800,1.585,2225700,1.590,1120600,1.591,6526900,1.592,4731700,1.593,5588800,1.594,4485500,1334,209,1,09:36:17.565,09:36:17,26327.8,26332.0,-0.14,1,-0.38
sz159920,09:36:15,1767576978801,09:37:18,1767576978663,1.59,1.5959,-0.3697,26294.34,0.8972,3.0208,36100,57399,1.59,1.028,1.589,6063100,1.588,4162500,1.587,2009800,1.586,2050800,1.585,2225700,1.590,623900,1.591,6526400,1.592,4741700,1.593,5591800,1.594,4445500,138,138,0,09:36:18.662,09:36:18,26328.27,26336.0,0.25,3,-0.38
sz159920,09:36:15,1767576979774,09:37:18,1767576978663,1.59,1.5959,-0.3697,26294.34,0.8972,2.7989,0,0,1.59,0.972,1.589,6063100,1.588,4162500,1.587,2009800,1.586,2050800,1.585,2225700,1.590,623900,1.591,6526400,1.592,4741700,1.593,5591800,1.594,4445500,1110,208,0,09:36:19.565,09:36:19,26327.31,26331.0,0.33,6,-0.38
sz159920,09:36:18,1767576980786,09:37:20,1767576980507,1.59,1.5959,-0.3697,26290.67,0.8972,3.9402,30100,47831,1.5891,1.013,1.589,7035200,1.588,4162500,1.587,2009800,1.586,2050800,1.585,2225700,1.590,1157500,1.591,6512300,1.592,4741700,1.593,5591800,1.594,4445500,279,229,0,09:36:20.557,09:36:20,26319.7,26323.5,-0.67,26,-0.41
sz159920,09:36:18,1767576981788,09:37:20,1767576980797,1.59,1.5959,-0.3697,26290.67,0.8972,3.9022,0,0,1.59,1.001,1.589,7035200,1.588,4162500,1.587,2009800,1.586,2050800,1.585,2225700,1.590,1157500,1.591,6512300,1.592,4741700,1.593,5591800,1.594,4445500,990,224,0,09:36:21.564,09:36:21,26320.6,26325.0,-0.25,2,-0.41
sz159920,09:36:18,1767576982783,09:37:22,1767576982405,1.59,1.5959,-0.3697,26285.44,0.8972,2.3671,0,0,1.59,0.995,1.589,7035200,1.588,4162500,1.587,2009800,1.586,2050800,1.585,2225700,1.590,1157500,1.591,6512300,1.592,4741700,1.593,5591800,1.594,4445500,378,191,0,09:36:22.591,09:36:22,26324.58,26327.0,0.0,3,-0.4
sz159920,09:36:21,1767576983810,09:37:22,1767576982964,1.589,1.5959,-0.4324,26285.44,0.8972,2.3215,1031100,1638419,1.589,1.027,1.589,5004500,1.588,5043100,1.587,2892300,1.586,2048800,1.585,2225700,1.590,1886000,1.591,8568400,1.592,4741700,1.593,5591100,1.594,3564900,846,223,0,09:36:23.587,09:36:23,26320.94,26323.0,-0.57,1,-0.41
sz159920,09:36:21,1767576984775,09:37:24,1767576984513,1.589,1.5959,-0.4324,26283.42,0.8972,2.2463,0,0,1.589,0.964,1.589,5004500,1.588,5043100,1.587,2892300,1.586,2048800,1.585,2225700,1.590,1886000,1.591,8568400,1.592,4741700,1.593,5591100,1.594,3564900,261,191,0,09:36:24.583,09:36:24,26318.8,26322.0,0.0,4,-0.42
sz159920,09:36:21,1767576985787,09:37:24,1767576985123,1.589,1.5959,-0.4324,26283.42,0.8972,2.2028,0,0,1.589,1.012,1.589,5004500,1.588,5043100,1.587,2892300,1.586,2048800,1.585,2225700,1.590,1886000,1.591,8568400,1.592,4741700,1.593,5591100,1.594,3564900,663,216,0,09:36:25.570,09:36:25,26320.26,26324.0,-0.75,5,-0.41
sz159920,09:36:24,1767576986787,09:37:26,1767576986423,1.589,1.5959,-0.4324,26288.41,0.8972,2.3071,8900,14145,1.5893,1.0,1.589,1436100,1.588,7343100,1.587,2892300,1.586,2048800,1.585,2225700,1.590,1886000,1.591,8567300,1.592,7736700,1.593,5591100,1.594,3564900,363,199,0,09:36:26.588,09:36:26,26327.31,26332.0,-0.33,1,-0.38
sz159920,09:36:21,1767576987785,09:37:26,1767576987298,1.589,1.5959,-0.4324,26288.41,0.8972,2.2846,0,0,1.589,0.998,1.589,5004500,1.588,5043100,1.587,2892300,1.586,2048800,1.585,2225700,1.590,1886000,1.591,8568400,1.592,4741700,1.593,5591100,1.594,3564900,487,210,1,09:36:27.575,09:36:27,26328.64,26331.5,-0.33,6,-0.38
sz159920,09:36:24,1767576988783,09:37:28,1767576988519,1.589,1.5959,-0.4324,26291.18,0.8972,2.7091,8900,14145,1.5893,0.998,1.589,1436100,1.588,7343100,1.587,2892300,1.586,2048800,1.585,2225700,1.590,1886000,1.591,8567300,1.592,7736700,1.593,5591100,1.594,3564900,264,189,0,09:36:28.594,09:36:27,26328.64,26331.5,-0.33,0,-0.38
sz159920,09:36:27,1767576989805,09:37:28,1767576989521,1.589,1.5959,-0.4324,26291.18,0.8972,2.6998,5100,8103,1.5888,1.022,1.589,5493400,1.588,5043100,1.587,2892300,1.586,2048800,1.585,2225700,1.590,2034500,1.591,8567300,1.592,4736700,1.593,5591100,1.594,3564900,283,226,0,09:36:29.578,09:36:28,26328.7,26332.5,0.09,0,-0.38
sz159920,09:36:27,1767576990795,09:37:30,1767576990525,1.589,1.5959,-0.4324,26292.27,0.8972,2.9583,0,0,1.589,0.991,1.589,5493400,1.588,5043100,1.587,2892300,1.586,2048800,1.585,2225700,1.590,2034500,1.591,8567300,1.592,4736700,1.593,5591100,1.594,3564900,269,206,0,09:36:30.589,09:36:30,26325.6,26329.0,0.33,4,-0.39
sz159920,09:36:27,1767576991812,09:37:30,1767576991676,1.589,1.5959,-0.4324,26292.27,0.8972,2.9025,0,0,1.589,1.017,1.589,5493400,1.588,5043100,1.587,2892300,1.586,2048800,1.585,2225700,1.590,2034500,1.591,8567300,1.592,4736700,1.593,5591100,1.594,3564900,135,224,0,09:36:31.588,09:36:30,26325.6,26329.0,0.33,0,-0.39
sz159920,09:36:30,1767576992794,09:37:32,1767576992621,1.589,1.5957,-0.4199,26289.23,0.8972,2.4618,500,795,1.59,0.982,1.589,5499900,1.588,5033100,1.587,2892300,1.586,2051600,1.585,2225700,1.590,2069500,1.591,8586000,1.592,4736700,1.593,5591100,1.594,3564900,173,195,0,09:36:32.599,09:36:32,26325.49,26328.0,0.5,4,-0.39
sz159920,09:36:30,1767576993804,09:37:32,1767576992621,1.589,1.5957,-0.4199,26289.23,0.8972,2.6819,0,0,1.589,1.01,1.589,5499900,1.588,5033100,1.587,2892300,1.586,2051600,1.585,2225700,1.590,2069500,1.591,8586000,1.592,4736700,1.593,5591100,1.594,3564900,1183,217,0,09:36:33.587,09:36:32,26325.49,26328.0,0.5,0,-0.39
sz159920,09:36:30,1767576994820,09:37:34,1767576994523,1.589,1.5957,-0.4199,26288.62,0.8972,2.5811,0,0,1.589,1.016,1.589,5499900,1.588,5033100,1.587,2892300,1.586,2051600,1.585,2225700,1.590,2069500,1.591,8586000,1.592,4736700,1.593,5591100,1.594,3564900,297,215,0,09:36:34.604,09:36:34,26320.6,26324.0,0.33,3,-0.41
sz159920,09:36:30,1767576995805,09:37:34,1767576994523,1.589,1.5957,-0.4199,26288.62,0.8972,2.4527,0,0,1.589,0.985,1.589,5499900,1.588,5033100,1.587,2892300,1.586,2051600,1.585,2225700,1.590,2069500,1.591,8586000,1.592,4736700,1.593,5591100,1.594,3564900,1281,191,0,09:36:35.614,09:36:35,26321.28,26325.0,-0.2,8,-0.41
sz159920,09:36:33,1767576996794,09:37:36,1767576996519,1.589,1.5957,-0.4199,26289.35,0.8972,2.719,19200,30515,1.5893,0.989,1.589,5513100,1.588,5033100,1.587,2892300,1.586,2049600,1.585,2225700,1.590,2448600,1.591,8586000,1.592,9786700,1.593,5591100,1.594,3564900,274,187,0,09:36:36.607,09:36:36,26324.71,26329.5,0.09,1,-0.39
sz159920,09:36:33,1767576997921,09:37:36,1767576996519,1.589,1.5957,-0.4199,26289.35,0.8972,2.6673,0,0,1.589,1.127,1.589,5513100,1.588,5033100,1.587,2892300,1.586,2049600,1.585,2225700,1.590,2448600,1.591,8586000,1.592,9786700,1.593,5591100,1.594,3564900,1401,307,0,09:36:37.613,09:36:37,26329.13,26333.5,0.0,1,-0.38
sz159920,09:36:36,1767576998853,09:37:38,1767576998529,1.59,1.5957,-0.3572,26288.56,0.8972,2.0224,45200,71860,1.5898,0.932,1.589,5505600,1.588,5033100,1.587,2902400,1.586,2049600,1.585,2225700,1.590,2234100,1.591,8585700,1.592,4737700,1.593,5571000,1.594,3564900,324,249,0,09:36:38.604,09:36:37,26328.22,26333.0,0.6,0,-0.38
sz159920,09:36:36,1767576999830,09:37:38,1767576998529,1.59,1.5957,-0.3572,26288.56,0.8972,1.9831,0,0,1.59,0.977,1.589,5505600,1.588,5033100,1.587,2902400,1.586,2049600,1.585,2225700,1.590,2234100,1.591,8585700,1.592,4737700,1.593,5571000,1.594,3564900,1301,216,0,09:36:39.614,09:36:39,26330.05,26334.5,-0.17,1,-0.37
sz159920,09:36:36,1767577000814,09:37:40,1767577000516,1.59,1.5957,-0.3572,26290.26,0.8972,3.1234,0,0,1.59,0.984,1.589,5505600,1.588,5033100,1.587,2902400,1.586,2049600,1.585,2225700,1.590,2234100,1.591,8585700,1.592,4737700,1.593,5571000,1.594,3564900,297,156,0,09:36:40.657,09:36:40,26330.94,26337.0,-0.33,5,-0.37
sz159920,09:36:39,1767577001804,09:37:40,1767577000516,1.589,1.5957,-0.4199,26290.26,0.8972,2.8717,1000000,1589000,1.589,0.99,1.589,6680400,1.588,5035700,1.587,2902400,1.586,2051600,1.585,2225700,1.590,1808900,1.591,8628000,1.592,4737700,1.593,7871000,1.594,3564900,1287,185,0,09:36:41.619,09:36:41,26333.2,26339.0,-0.71,5,-0.36
sz159920,09:36:39,1767577002813,09:37:42,1767577002554,1.589,1.5957,-0.4199,26293.18,0.8972,2.5488,0,0,1.589,1.009,1.589,6680400,1.588,5035700,1.587,2902400,1.586,2051600,1.585,2225700,1.590,1808900,1.591,8628000,1.592,4737700,1.593,7871000,1.594,3564900,259,189,0,09:36:42.623,09:36:42,26333.24,26339.0,-0.67,5,-0.36
sz159920,09:36:39,1767577003815,09:37:42,1767577002554,1.589,1.5957,-0.4199,26293.18,0.8972,2.9145,0,0,1.589,1.002,1.589,6680400,1.588,5035700,1.587,2902400,1.586,2051600,1.585,2225700,1.590,1808900,1.591,8628000,1.592,4737700,1.593,7871000,1.594,3564900,1261,190,0,09:36:43.624,09:36:43,26327.38,26332.0,0.6,3,-0.38
sz159920,09:36:36,1767577004814,09:37:44,1767577004745,1.59,1.5957,-0.3572,26291.07,0.8972,2.8758,0,0,1.59,0.999,1.589,5505600,1.588,5033100,1.587,2902400,1.586,2049600,1.585,2225700,1.590,2234100,1.591,8585700,1.592,4737700,1.593,5571000,1.594,3564900,68,193,1,09:36:44.620,09:36:44,26330.04,26333.5,0.25,2,-0.37
sz159920,09:36:42,1767577005823,09:37:44,1767577004745,1.59,1.5957,-0.3572,26291.07,0.8972,2.7214,2741500,4357975,1.5896,1.009,1.590,1594500,1.589,6677500,1.588,5033100,1.587,2902400,1.586,2051600,1.591,7876300,1.592,4822400,1.593,7871000,1.594,3564900,1.595,1841000,1077,204,0,09:36:45.617,09:36:45,26332.3,26337.0,-0.6,0,-0.37
sz159920,09:36:42,1767577006814,09:37:46,1767577006538,1.59,1.5957,-0.3572,26292.56,0.8972,4.7673,0,0,1.59,0.991,1.590,1594500,1.589,6677500,1.588,5033100,1.587,2902400,1.586,2051600,1.591,7876300,1.592,4822400,1.593,7871000,1.594,3564900,1.595,1841000,275,194,0,09:36:46.620,09:36:46,26332.77,26336.0,0.67,1,-0.36
sz159920,09:36:42,1767577007820,09:37:46,1767577006927,1.59,1.5957,-0.3572,26292.56,0.8972,4.1048,0,0,1.59,1.006,1.590,1594500,1.589,6677500,1.588,5033100,1.587,2902400,1.586,2051600,1.591,7876300,1.592,4822400,1.593,7871000,1.594,3564900,1.595,1841000,893,183,0,09:36:47.637,09:36:47,26332.77,26338.0,-0.5,1,-0.36
sz159920,09:36:45,1767577008815,09:37:48,1767577008500,1.59,1.5954,-0.3385,26295.82,0.8972,3.4037,1253600,1992224,1.5892,0.995,1.589,6864300,1.588,5034600,1.587,2902400,1.586,2051600,1.585,1225700,1.590,10000,1.591,7876300,1.592,4908900,1.593,7877000,1.594,3564900,314,186,0,09:36:48.628,09:36:47,26336.8,26342.0,0.25,0,-0.35
sz159920,09:36:45,1767577009824,09:37:48,1767577009114,1.59,1.5954,-0.3385,26295.82,0.8972,3.9628,0,0,1.59,1.009,1.589,6864300,1.588,5034600,1.587,2902400,1.586,2051600,1.585,1225700,1.590,10000,1.591,7876300,1.592,4908900,1.593,7877000,1.594,3564900,710,179,0,09:36:49.645,09:36:49,26338.76,26343.0,-0.71,4,-0.34
sz159920,09:36:48,1767577010825,09:37:50,1767577010415,1.59,1.5954,-0.3385,26295.55,0.8972,2.7768,113200,179936,1.5895,1.0,1.590,3832900,1.589,4512400,1.588,5034600,1.587,2902400,1.586,2051600,1.591,7042900,1.592,4908900,1.593,7875000,1.594,3464900,1.595,1843000,409,199,0,09:36:50.625,09:36:50,26341.87,26346.5,-0.37,12,-0.33
sz159920,09:36:48,1767577011836,09:37:50,1767577011297,1.59,1.5954,-0.3385,26295.55,0.8972,2.316,0,0,1.59,1.011,1.590,3832900,1.589,4512400,1.588,5034600,1.587,2902400,1.586,2051600,1.591,7042900,1.592,4908900,1.593,7875000,1.594,3464900,1.595,1843000,538,182,0,09:36:51.653,09:36:51,26339.84,26347.0,-0.43,1,-0.34
sz159920,09:36:48,1767577012823,09:37:52,1767577012494,1.59,1.5954,-0.3385,26303.25,0.8972,2.2785,0,0,1.59,0.987,1.590,3832900,1.589,4512400,1.588,5034600,1.587,2902400,1.586,2051600,1.591,7042900,1.592,4908900,1.593,7875000,1.594,3464900,1.595,1843000,328,187,0,09:36:52.636,09:36:52,26347.04,26352.0,0.67,8,-0.31
sz159920,09:36:51,1767577013832,09:37:52,1767577013547,1.59,1.5954,-0.3385,26303.25,0.8972,2.5972,1144900,1820391,1.59,1.009,1.590,4862800,1.589,4512400,1.588,4747200,1.587,2902400,1.586,1751600,1.591,5620600,1.592,4908900,1.593,2825000,1.594,5764900,1.595,1843000,285,187,0,09:36:53.644,09:36:53,26347.96,26353.0,0.0,3,-0.31
sz159920,09:36:51,1767577014845,09:37:54,1767577014548,1.59,1.5954,-0.3385,26302.91,0.8972,3.753,0,0,1.59,1.012,1.590,4862800,1.589,4512400,1.588,4747200,1.587,2902400,1.586,1751600,1.591,5620600,1.592,4908900,1.593,2825000,1.594,5764900,1.595,1843000,296,212,0,09:36:54.632,09:36:54,26340.05,26346.0,0.33,15,-0.34
sz159920,09:36:48,1767577015836,09:37:54,1767577015635,1.59,1.5954,-0.3385,26302.91,0.8972,3.6877,0,0,1.59,0.991,1.590,3832900,1.589,4512400,1.588,5034600,1.587,2902400,1.586,2051600,1.591,7042900,1.592,4908900,1.593,7875000,1.594,3464900,1.595,1843000,200,191,1,09:36:55.644,09:36:55,26340.4,26346.5,0.0,17,-0.34
sz159920,09:36:54,1767577016843,09:37:56,1767577016405,1.59,1.5954,-0.3385,26303.81,0.8972,3.587,3172800,5046752,1.5906,1.008,1.590,3660200,1.589,4514900,1.588,3866600,1.587,2022600,1.586,1751600,1.591,3634400,1.592,4178800,1.593,5123000,1.594,3464900,1.595,4843000,437,181,0,09:36:56.662,09:36:56,26340.4,26347.0,0.43,7,-0.34
sz159920,09:36:54,1767577017840,09:37:56,1767577017807,1.59,1.5954,-0.3385,26303.81,0.8972,6.4723,0,0,1.59,0.996,1.590,3660200,1.589,4514900,1.588,3866600,1.587,2022600,1.586,1751600,1.591,3634400,1.592,4178800,1.593,5123000,1.594,3464900,1.595,4843000,32,185,0,09:36:57.654,09:36:57,26343.69,26349.0,0.43,0,-0.32
sz159920,09:36:57,1767577018862,09:37:58,1767577018552,1.59,1.5954,-0.3385,26305.34,0.8972,6.0867,57800,91902,1.59,1.023,1.590,4783400,1.589,4514900,1.588,3866600,1.587,2020600,1.586,1751600,1.591,3740300,1.592,4928900,1.593,2823000,1.594,5797900,1.595,4843000,310,209,0,09:36:58.653,09:36:58,26346.07,26354.0,0.14,4,-0.31
sz159920,09:36:57,1767577019835,09:37:58,1767577018552,1.59,1.5954,-0.3385,26305.34,0.8972,6.4079,0,0,1.59,0.973,1.590,4783400,1.589,4514900,1.588,3866600,1.587,2020600,1.586,1751600,1.591,3740300,1.592,4928900,1.593,2823000,1.594,5797900,1.595,4843000,1283,187,0,09:36:59.648,09:36:59,26347.04,26353.0,-0.6,2,-0.31
sz159920,09:36:57,1767577020824,09:38:00,1767577020482,1.59,1.5954,-0.3385,26307.71,0.8972,6.2813,0,0,1.59,0.989,1.590,4783400,1.589,4514900,1.588,3866600,1.587,2020600,1.586,1751600,1.591,3740300,1.592,4928900,1.593,2823000,1.594,5797900,1.595,4843000,341,155,0,09:37:00.668,09:37:00,26347.04,26352.0,0.6,2,-0.31
sz159920,09:36:57,1767577021854,09:38:00,1767577020482,1.59,1.5954,-0.3385,26307.71,0.8972,6.191,0,0,1.59,1.029,1.590,4783400,1.589,4514900,1.588,3866600,1.587,2020600,1.586,1751600,1.591,3740300,1.592,4928900,1.593,2823000,1.594,5797900,1.595,4843000,1371,179,0,09:37:01.674,09:37:01,26346.07,26352.0,0.25,27,-0.31
sz159920,09:37:00,1767577022844,09:38:02,1767577022397,1.591,1.596,-0.3133,26310.34,0.8972,5.12,4322300,6876669,1.591,0.991,1.591,56600,1.590,6583500,1.589,4513000,1.588,3866600,1.587,1577700,1.592,4186400,1.593,2823700,1.594,5795900,1.595,4843000,1.596,734800,447,167,0,09:37:02.677,09:37:02,26343.36,26349.0,-0.14,3,-0.32
sz159920,09:37:00,1767577023825,09:38:02,1767577023239,1.591,1.596,-0.3133,26310.34,0.8972,4.8821,0,0,1.591,0.98,1.591,56600,1.590,6583500,1.589,4513000,1.588,3866600,1.587,1577700,1.592,4186400,1.593,2823700,1.594,5795900,1.595,4843000,1.596,734800,585,167,0,09:37:03.657,09:37:03,26344.9,26351.0,-0.6,1,-0.32
sz159920,09:37:00,1767577024845,09:38:04,1767577024422,1.591,1.596,-0.3133,26314.36,0.8972,4.5538,0,0,1.591,1.02,1.591,56600,1.590,6583500,1.589,4513000,1.588,3866600,1.587,1577700,1.592,4186400,1.593,2823700,1.594,5795900,1.595,4843000,1.596,734800,422,166,0,09:37:04.678,09:37:04,26346.07,26353.0,0.67,6,-0.31
sz159920,09:37:03,1767577025823,09:38:04,1767577024959,1.591,1.596,-0.3133,26314.36,0.8972,4.1412,10300,16387,1.591,0.978,1.591,46300,1.590,6583500,1.589,4513000,1.588,3866600,1.587,1627800,1.592,4208900,1.593,2823700,1.594,5795900,1.595,4873000,1.596,3734800,863,153,0,09:37:05.669,09:37:05,26345.18,26351.0,-0.2,2,-0.32
sz159920,09:37:03,1767577026845,09:38:06,1767577026496,1.591,1.596,-0.3133,26312.19,0.8972,5.2848,0,0,1.591,1.022,1.591,46300,1.590,6583500,1.589,4513000,1.588,3866600,1.587,1627800,1.592,4208900,1.593,2823700,1.594,5795900,1.595,4873000,1.596,3734800,348,177,0,09:37:06.667,09:37:06,26345.8,26352.0,0.2,2,-0.31
sz159920,09:37:03,1767577027853,09:38:06,1767577026496,1.591,1.596,-0.3133,26312.19,0.8972,4.6852,0,0,1.591,1.008,1.591,46300,1.590,6583500,1.589,4513000,1.588,3866600,1.587,1627800,1.592,4208900,1.593,2823700,1.594,5795900,1.595,4873000,1.596,3734800,1357,161,0,09:37:07.692,09:37:07,26350.3,26356.0,0.14,7,-0.3
sz159920,09:37:06,1767577028843,09:38:08,1767577028672,1.591,1.596,-0.3133,26313.19,0.8972,4.2306,23200,36911,1.591,0.99,1.591,323100,1.590,6600100,1.589,4813000,1.588,3866600,1.587,1327800,1.592,4215400,1.593,2843700,1.594,5795900,1.595,4873000,1.596,3734800,171,157,0,09:37:08.686,09:37:08,26349.63,26358.0,-0.56,15,-0.3
sz159920,09:37:06,1767577029853,09:38:08,1767577028672,1.591,1.596,-0.3133,26313.19,0.8972,4.022,0,0,1.591,1.01,1.591,323100,1.590,6600100,1.589,4813000,1.588,3866600,1.587,1327800,1.592,4215400,1.593,2843700,1.594,5795900,1.595,4873000,1.596,3734800,1181,174,0,09:37:09.678,09:37:09,26348.88,26354.0,0.2,5,-0.3
sz159920,09:37:06,1767577030854,09:38:10,1767577030848,1.591,1.596,-0.3133,26314.23,0.8972,3.9503,0,0,1.591,1.0,1.591,323100,1.590,6600100,1.589,4813000,1.588,3866600,1.587,1327800,1.592,4215400,1.593,2843700,1.594,5795900,1.595,4873000,1.596,3734800,5,174,0,09:37:10.679,09:37:10,26347.6,26354.0,0.43,1,-0.31
sz159920,09:37:09,1767577031841,09:38:10,1767577030848,1.591,1.596,-0.3133,26314.23,0.8972,3.6594,18200,28957,1.591,0.988,1.591,4219100,1.590,4300100,1.589,4813000,1.588,3866600,1.587,1327800,1.592,3965300,1.593,2863700,1.594,6926500,1.595,4876400,1.596,3734800,993,147,0,09:37:11.694,09:37:11,26346.07,26352.0,0.33,7,-0.31
sz159920,09:37:09,1767577032854,09:38:12,1767577032405,1.591,1.596,-0.3133,26314.43,0.8972,3.4738,0,0,1.591,1.012,1.591,4219100,1.590,4300100,1.589,4813000,1.588,3866600,1.587,1327800,1.592,3965300,1.593,2863700,1.594,6926500,1.595,4876400,1.596,3734800,448,165,0,09:37:12.688,09:37:12,26346.07,26354.0,-0.33,15,-0.31
sz159920,09:37:09,1767577033853,09:38:12,1767577033024,1.591,1.596,-0.3133,26314.43,0.8972,4.8034,0,0,1.591,0.999,1.591,4219100,1.590,4300100,1.589,4813000,1.588,3866600,1.587,1327800,1.592,3965300,1.593,2863700,1.594,6926500,1.595,4876400,1.596,3734800,828,159,0,09:37:13.693,09:37:13,26349.4,26356.5,-0.33,1,-0.3
sz159920,09:37:12,1767577034854,09:38:14,1767577034518,1.591,1.596,-0.3133,26316.78,0.8972,4.2353,10800,17183,1.591,1.001,1.591,1015600,1.590,6600100,1.589,5107300,1.588,3866600,1.587,1327800,1.592,3966800,1.593,2863700,1.594,6926500,1.595,4876400,1.596,3734800,336,152,0,09:37:14.701,09:37:14,26349.4,26355.0,0.5,5,-0.3
sz159920,09:37:12,1767577035853,09:38:14,1767577035197,1.591,1.596,-0.3133,26316.78,0.8972,3.5976,0,0,1.591,0.999,1.591,1015600,1.590,6600100,1.589,5107300,1.588,3866600,1.587,1327800,1.592,3966800,1.593,2863700,1.594,6926500,1.595,4876400,1.596,3734800,656,125,0,09:37:15.727,09:37:15,26347.33,26352.0,-0.33,1,-0.31
sz159920,09:37:15,1767577036846,09:38:16,1767577036431,1.591,1.5969,-0.3695,26315.69,0.8972,3.5953,14000,22274,1.591,0.994,1.591,502100,1.590,6600100,1.589,5107300,1.588,3866600,1.587,1327800,1.592,3969400,1.593,2863900,1.594,6952500,1.595,4876400,1.596,3736800,415,159,0,09:37:16.687,09:37:16,26346.7,26353.5,0.33,4,-0.31
sz159920,09:37:12,1767577037853,09:38:16,1767577037404,1.591,1.596,-0.3133,26315.69,0.8972,3.5296,0,0,1.591,1.007,1.591,1015600,1.590,6600100,1.589,5107300,1.588,3866600,1.587,1327800,1.592,3966800,1.593,2863700,1.594,6926500,1.595,4876400,1.596,3734800,448,144,1,09:37:17.708,09:37:16,26346.7,26353.5,0.33,0,-0.31
sz159920,09:37:15,1767577038853,09:38:18,1767577038443,1.591,1.5969,-0.3695,26315.21,0.8972,4.8814,14000,22274,1.591,1.0,1.591,502100,1.590,6600100,1.589,5107300,1.588,3866600,1.587,1327800,1.592,3969400,1.593,2863900,1.594,6952500,1.595,4876400,1.596,3736800,410,147,0,09:37:18.706,09:37:18,26347.33,26354.0,0.67,4,-0.31
sz159920,09:37:15,1767577039854,09:38:18,1767577039546,1.591,1.5969,-0.3695,26315.21,0.8972,4.4897,0,0,1.591,1.0,1.591,502100,1.590,6600100,1.589,5107300,1.588,3866600,1.587,1327800,1.592,3969400,1.593,2863900,1.594,6952500,1.595,4876400,1.596,3736800,307,133,0,09:37:19.720,09:37:19,26347.85,26355.0,0.0,1,-0.31
sz159920,09:37:15,1767577040844,09:38:20,1767577040415,1.591,1.5969,-0.3695,26312.72,0.8972,4.461,0,0,1.591,0.99,1.591,502100,1.590,6600100,1.589,5107300,1.588,3866600,1.587,1327800,1.592,3969400,1.593,2863900,1.594,6952500,1.595,4876400,1.596,3736800,428,136,0,09:37:20.708,09:37:20,26350.3,26356.5,0.0,6,-0.3
sz159920,09:37:18,1767577041853,09:38:20,1767577041730,1.591,1.5969,-0.3695,26312.72,0.8972,3.1537,25900,41206,1.591,1.009,1.591,857300,1.590,6600100,1.589,5107300,1.588,3866600,1.587,1327800,1.592,4219400,1.593,2867500,1.594,6702700,1.595,4876400,1.596,3736800,122,135,0,09:37:21.717,09:37:21,26353.48,26359.0,-0.33,1,-0.29
sz159920,09:37:21,1767577042862,09:38:22,1767577042461,1.591,1.5969,-0.3695,26316.7,0.8972,3.1028,6400,10184,1.5913,1.01,1.591,4151900,1.590,4300100,1.589,5107300,1.588,3866600,1.587,1327800,1.592,3340300,1.593,2867500,1.594,6702700,1.595,4876400,1.596,3762100,401,106,0,09:37:22.756,09:37:22,26349.63,26357.0,0.0,3,-0.3
sz159920,09:37:18,1767577043855,09:38:22,1767577042461,1.591,1.5969,-0.3695,26316.7,0.8972,2.847,0,0,1.591,0.992,1.591,857300,1.590,6600100,1.589,5107300,1.588,3866600,1.587,1327800,1.592,4219400,1.593,2867500,1.594,6702700,1.595,4876400,1.596,3736800,1393,125,1,09:37:23.729,09:37:23,26350.97,26357.0,-0.33,6,-0.3
sz159920,09:37:21,1767577044876,09:38:24,1767577044420,1.591,1.5969,-0.3695,26316.08,0.8972,3.1967,6400,10184,1.5913,1.021,1.591,4151900,1.590,4300100,1.589,5107300,1.588,3866600,1.587,1327800,1.592,3340300,1.593,2867500,1.594,6702700,1.595,4876400,1.596,3762100,455,140,0,09:37:24.734,09:37:24,26349.8,26355.0,-0.43,4,-0.3
sz159920,09:37:21,1767577045862,09:38:24,1767577044420,1.591,1.5969,-0.3695,26316.08,0.8972,2.9729,0,0,1.591,0.986,1.591,4151900,1.590,4300100,1.589,5107300,1.588,3866600,1.587,1327800,1.592,3340300,1.593,2867500,1.594,6702700,1.595,4876400,1.596,3762100,1441,120,0,09:37:25.741,09:37:25,26349.63,26358.0,-0.25,5,-0.3
sz159920,09:37:24,1767577046901,09:38:26,1767577046418,1.592,1.5969,-0.3068,26317.21,0.8972,2.9169,21900,34844,1.5911,1.04,1.591,1832000,1.590,6600100,1.589,5107300,1.588,3866600,1.587,1327800,1.592,4221000,1.593,2867500,1.594,6702700,1.595,4897400,1.596,3762100,483,167,0,09:37:26.734,09:37:26,26354.08,26360.5,0.0,4,-0.28
sz159920,09:37:24,1767577047863,09:38:26,1767577046418,1.592,1.5969,-0.3068,26317.21,0.8972,2.6317,0,0,1.592,0.962,1.591,1832000,1.590,6600100,1.589,5107300,1.588,3866600,1.587,1327800,1.592,4221000,1.593,2867500,1.594,6702700,1.595,4897400,1.596,3762100,1445,119,0,09:37:27.744,09:37:27,26351.64,26355.0,0.43,12,-0.29
sz159920,09:37:24,1767577048869,09:38:28,1767577048420,1.592,1.5969,-0.3068,26314.09,0.8972,2.3206,0,0,1.592,1.005,1.591,1832000,1.590,6600100,1.589,5107300,1.588,3866600,1.587,1327800,1.592,4221000,1.593,2867500,1.594,6702700,1.595,4897400,1.596,3762100,448,120,0,09:37:28.748,09:37:28,26342.44,26348.0,0.0,2,-0.33
sz159920,09:37:27,1767577049867,09:38:28,1767577048420,1.592,1.5969,-0.3068,26314.09,0.8972,2.2758,574600,914727,1.5919,0.999,1.591,1295600,1.590,6610100,1.589,5108300,1.588,3867100,1.587,1327800,1.592,3791900,1.593,3697700,1.594,7881500,1.595,4897500,1.596,3762100,1446,93,0,09:37:29.774,09:37:29,26344.6,26350.0,-0.5,2,-0.32
sz159920,09:37:27,1767577050865,09:38:30,1767577050486,1.592,1.5969,-0.3068,26312.62,0.8972,4.3541,0,0,1.592,0.998,1.591,1295600,1.590,6610100,1.589,5108300,1.588,3867100,1.587,1327800,1.592,3791900,1.593,3697700,1.594,7881500,1.595,4897500,1.596,3762100,379,116,0,09:37:30.749,09:37:30,26344.29,26352.0,-0.67,4,-0.32
sz159920,09:37:27,1767577051857,09:38:30,1767577050486,1.592,1.5969,-0.3068,26312.62,0.8972,4.425,0,0,1.592,0.991,1.591,1295600,1.590,6610100,1.589,5108300,1.588,3867100,1.587,1327800,1.592,3791900,1.593,3697700,1.594,7881500,1.595,4897500,1.596,3762100,1370,100,0,09:37:31.756,09:37:31,26347.04,26353.0,-0.6,1,-0.31
sz159920,09:37:27,1767577052918,09:38:32,1767577052633,1.592,1.5969,-0.3068,26313.75,0.8972,4.4072,0,0,1.592,1.062,1.591,1295600,1.590,6610100,1.589,5108300,1.588,3867100,1.587,1327800,1.592,3791900,1.593,3697700,1.594,7881500,1.595,4897500,1.596,3762100,284,154,0,09:37:32.764,09:37:31,26347.04,26353.0,-0.6,0,-0.31
sz159920,09:37:30,1767577053874,09:38:32,1767577052633,1.591,1.5969,-0.3695,26313.75,0.8972,3.7282,220600,350974,1.591,0.956,1.590,6610100,1.589,4818300,1.588,3877100,1.587,1627800,1.586,1751600,1.591,1158400,1.592,4383300,1.593,3697700,1.594,7882700,1.595,4464200,1240,102,0,09:37:33.772,09:37:33,26343.4,26350.0,-0.11,3,-0.32
sz159920,09:37:30,1767577054872,09:38:34,1767577054819,1.591,1.5969,-0.3695,26315.65,0.8972,3.7659,0,0,1.591,0.998,1.590,6610100,1.589,4818300,1.588,3877100,1.587,1627800,1.586,1751600,1.591,1158400,1.592,4383300,1.593,3697700,1.594,7882700,1.595,4464200,53,114,0,09:37:34.758,09:37:34,26346.12,26351.0,0.2,1,-0.31
sz159920,09:37:33,1767577055864,09:38:34,1767577054947,1.591,1.5969,-0.3695,26315.65,0.8972,3.7091,525100,835384,1.5909,0.991,1.590,6560100,1.589,4937200,1.588,3877100,1.587,1627800,1.586,1751600,1.591,1113200,1.592,3970200,1.593,3692400,1.594,7947700,1.595,4464200,916,91,0,09:37:35.772,09:37:35,26349.8,26353.0,-0.6,4,-0.3
sz159920,09:37:33,1767577056874,09:38:36,1767577056421,1.591,1.5969,-0.3695,26317.49,0.8972,3.0892,0,0,1.591,1.011,1.590,6560100,1.589,4937200,1.588,3877100,1.587,1627800,1.586,1751600,1.591,1113200,1.592,3970200,1.593,3692400,1.594,7947700,1.595,4464200,453,109,0,09:37:36.764,09:37:35,26346.07,26353.0,0.43,0,-0.31
sz159920,09:37:33,1767577057887,09:38:36,1767577056979,1.591,1.5969,-0.3695,26317.49,0.8972,3.619,0,0,1.591,1.013,1.590,6560100,1.589,4937200,1.588,3877100,1.587,1627800,1.586,1751600,1.591,1113200,1.592,3970200,1.593,3692400,1.594,7947700,1.595,4464200,908,114,0,09:37:37.773,09:37:36,26344.29,26351.5,0.0,0,-0.32
sz159920,09:37:36,1767577058892,09:38:38,1767577058425,1.591,1.5969,-0.3695,26314.96,0.8972,3.8026,22200,35321,1.591,1.005,1.591,1000,1.590,6560100,1.589,4937200,1.588,3877100,1.587,1627800,1.592,4234000,1.593,3696400,1.594,7947700,1.595,4464200,1.596,762100,467,118,0,09:37:38.774,09:37:36,26344.29,26351.5,0.0,0,-0.32
sz159920,09:37:36,1767577059884,09:38:38,1767577059188,1.591,1.5969,-0.3695,26314.96,0.8972,3.7501,0,0,1.591,0.992,1.591,1000,1.590,6560100,1.589,4937200,1.588,3877100,1.587,1627800,1.592,4234000,1.593,3696400,1.594,7947700,1.595,4464200,1.596,762100,695,97,0,09:37:39.787,09:37:39,26346.96,26354.0,0.56,5,-0.31
sz159920,09:37:36,1767577060874,09:38:40,1767577060405,1.591,1.5969,-0.3695,26313.66,0.8972,3.6377,0,0,1.591,0.989,1.591,1000,1.590,6560100,1.589,4937200,1.588,3877100,1.587,1627800,1.592,4234000,1.593,3696400,1.594,7947700,1.595,4464200,1.596,762100,468,103,0,09:37:40.770,09:37:40,26346.07,26354.0,-0.6,1,-0.31
sz159920,09:37:36,1767577061863,09:38:40,1767577061318,1.591,1.5969,-0.3695,26313.66,0.8972,2.7067,0,0,1.591,0.989,1.591,1000,1.590,6560100,1.589,4937200,1.588,3877100,1.587,1627800,1.592,4234000,1.593,3696400,1.594,7947700,1.595,4464200,1.596,762100,544,92,0,09:37:41.770,09:37:41,26345.8,26352.0,0.11,2,-0.31
sz159920,09:37:39,1767577062876,09:38:42,1767577062440,1.591,1.5969,-0.3695,26315.04,0.8972,2.0705,12500,19887,1.591,1.014,1.590,6559800,1.589,4937200,1.588,3877100,1.587,1627800,1.586,1751600,1.592,4984200,1.593,3696400,1.594,7957700,1.595,4464200,1.596,3762100,436,91,0,09:37:42.784,09:37:42,26348.88,26354.0,-0.14,1,-0.3
sz159920,09:37:42,1767577063886,09:38:42,1767577063491,1.59,1.5969,-0.4321,26315.04,0.8972,2.0302,11300,17978,1.591,1.009,1.590,6559500,1.589,4937200,1.588,3877100,1.587,1627900,1.586,1751600,1.591,15000,1.592,4251600,1.593,3696400,1.594,7963100,1.595,4482200,394,82,0,09:37:43.803,09:37:43,26345.18,26353.5,-0.14,3,-0.32
sz159920,09:37:42,1767577064902,09:38:44,1767577064404,1.59,1.5969,-0.4321,26312.88,0.8972,4.0075,0,0,1.59,1.017,1.590,6559500,1.589,4937200,1.588,3877100,1.587,1627900,1.586,1751600,1.591,15000,1.592,4251600,1.593,3696400,1.594,7963100,1.595,4482200,498,126,0,09:37:44.776,09:37:44,26349.63,26357.0,0.14,17,-0.3
sz159920,09:37:42,1767577065894,09:38:44,1767577065781,1.59,1.5969,-0.4321,26312.88,0.8972,3.9833,0,0,1.59,0.992,1.590,6559500,1.589,4937200,1.588,3877100,1.587,1627900,1.586,1751600,1.591,15000,1.592,4251600,1.593,3696400,1.594,7963100,1.595,4482200,113,82,0,09:37:45.811,09:37:45,26352.1,26359.0,0.67,2,-0.29
sz159920,09:37:45,1767577066891,09:38:46,1767577066395,1.591,1.5969,-0.3695,26317.18,0.8972,2.9774,114700,182434,1.5905,0.997,1.591,3905300,1.590,4186200,1.589,5237200,1.588,3966100,1.587,1327900,1.592,4664900,1.593,3696400,1.594,7963100,1.595,4482200,1.596,762100,495,96,0,09:37:46.794,09:37:46,26350.97,26359.0,-0.2,1,-0.3
sz159920,09:37:45,1767577067902,09:38:46,1767577067878,1.591,1.5969,-0.3695,26317.18,0.8972,3.309,0,0,1.591,1.011,1.591,3905300,1.590,4186200,1.589,5237200,1.588,3966100,1.587,1327900,1.592,4664900,1.593,3696400,1.594,7963100,1.595,4482200,1.596,762100,23,98,0,09:37:47.803,09:37:47,26351.41,26359.0,-0.43,1,-0.29
sz159920,09:37:45,1767577068893,09:38:48,1767577068403,1.591,1.5969,-0.3695,26318.57,0.8972,2.9188,0,0,1.591,0.991,1.591,3905300,1.590,4186200,1.589,5237200,1.588,3966100,1.587,1327900,1.592,4664900,1.593,3696400,1.594,7963100,1.595,4482200,1.596,762100,489,95,0,09:37:48.797,09:37:48,26355.32,26361.5,0.5,0,-0.28
sz159920,09:37:45,1767577069884,09:38:48,1767577068403,1.591,1.5969,-0.3695,26318.57,0.8972,3.5246,0,0,1.591,0.991,1.591,3905300,1.590,4186200,1.589,5237200,1.588,3966100,1.587,1327900,1.592,4664900,1.593,3696400,1.594,7963100,1.595,4482200,1.596,762100,1480,81,0,09:37:49.803,09:37:49,26354.4,26361.0,0.33,13,-0.28
sz159920,09:37:48,1767577070893,09:38:50,1767577070393,1.591,1.5968,-0.3632,26319.14,0.8972,3.4599,0,0,1.591,1.009,1.591,4315300,1.590,4189200,1.589,5237200,1.588,3966100,1.587,1327900,1.592,3789300,1.593,3696400,1.594,7963100,1.595,4483300,1.596,772100,499,98,0,09:37:50.794,09:37:50,26356.43,26364.0,0.11,3,-0.27
sz159920,09:37:48,1767577071902,09:38:50,1767577070393,1.591,1.5968,-0.3632,26319.14,0.8972,3.1222,0,0,1.591,1.01,1.591,4315300,1.590,4189200,1.589,5237200,1.588,3966100,1.587,1327900,1.592,3789300,1.593,3696400,1.594,7963100,1.595,4483300,1.596,772100,1509,98,0,09:37:51.803,09:37:51,26358.53,26367.0,0.0,12,-0.27
sz159920,09:37:48,1767577072902,09:38:52,1767577072422,1.591,1.5968,-0.3632,26320.64,0.8972,3.4737,0,0,1.591,1.0,1.591,4315300,1.590,4189200,1.589,5237200,1.588,3966100,1.587,1327900,1.592,3789300,1.593,3696400,1.594,7963100,1.595,4483300,1.596,772100,479,88,0,09:37:52.813,09:37:52,26368.2,26374.0,0.25,18,-0.23
sz159920,09:37:51,1767577073886,09:38:52,1767577072422,1.591,1.5968,-0.3632,26320.64,0.8972,6.1911,5700,9069,1.5911,0.984,1.591,6459900,1.590,4189200,1.589,3821200,1.588,3380700,1.587,1327900,1.592,2370200,1.593,3696400,1.594,2913100,1.595,6833400,1.596,3772100,1463,79,0,09:37:53.807,09:37:53,26365.44,26374.5,0.2,2,-0.24
sz159920,09:37:51,1767577074893,09:38:54,1767577074419,1.591,1.5968,-0.3632,26328.6,0.8972,6.101,0,0,1.591,1.007,1.591,6459900,1.590,4189200,1.589,3821200,1.588,3380700,1.587,1327900,1.592,2370200,1.593,3696400,1.594,2913100,1.595,6833400,1.596,3772100,474,71,0,09:37:54.821,09:37:54,26364.62,26373.5,0.0,2,-0.24
sz159920,09:37:54,1767577075903,09:38:54,1767577074960,1.592,1.5968,-0.3006,26328.6,0.8972,5.6817,2405700,3829860,1.592,1.011,1.592,4448900,1.591,5050200,1.590,4189300,1.589,3821200,1.588,2295800,1.593,2948900,1.594,2915800,1.595,7713800,1.596,3772100,1.597,1173000,942,90,0,09:37:55.813,09:37:55,26365.6,26374.0,0.67,1,-0.24
sz159920,09:37:51,1767577076894,09:38:56,1767577076595,1.591,1.5968,-0.3632,26328.59,0.8972,5.0756,0,0,1.591,0.99,1.591,6459900,1.590,4189200,1.589,3821200,1.588,3380700,1.587,1327900,1.592,2370200,1.593,3696400,1.594,2913100,1.595,6833400,1.596,3772100,298,73,1,09:37:56.820,09:37:56,26368.2,26375.0,0.67,5,-0.23
sz159920,09:37:54,1767577077905,09:38:56,1767577076595,1.592,1.5968,-0.3006,26328.59,0.8972,4.9921,2405700,3829860,1.592,1.011,1.592,4448900,1.591,5050200,1.590,4189300,1.589,3821200,1.588,2295800,1.593,2948900,1.594,2915800,1.595,7713800,1.596,3772100,1.597,1173000,1310,98,0,09:37:57.807,09:37:57,26362.09,26370.5,0.6,23,-0.25
sz159920,09:37:54,1767577078903,09:38:58,1767577078764,1.592,1.5968,-0.3006,26327.77,0.8972,4.5933,0,0,1.592,0.998,1.592,4448900,1.591,5050200,1.590,4189300,1.589,3821200,1.588,2295800,1.593,2948900,1.594,2915800,1.595,7713800,1.596,3772100,1.597,1173000,138,85,0,09:37:58.818,09:37:58,26357.34,26364.5,0.0,9,-0.27
sz159920,09:37:54,1767577079893,09:38:58,1767577078764,1.592,1.5968,-0.3006,26327.77,0.8972,3.6524,0,0,1.592,0.99,1.592,4448900,1.591,5050200,1.590,4189300,1.589,3821200,1.588,2295800,1.593,2948900,1.594,2915800,1.595,7713800,1.596,3772100,1.597,1173000,1128,76,0,09:37:59.817,09:37:59,26357.5,26366.0,0.2,11,-0.27
sz159920,09:37:57,1767577080896,09:39:00,1767577080404,1.592,1.5968,-0.3006,26324.14,0.8972,4.1634,64000,101888,1.592,1.003,1.592,1091200,1.591,7350200,1.590,4189300,1.589,4340000,1.588,2295800,1.593,2953900,1.594,2915800,1.595,7713800,1.596,3772100,1.597,1173000,492,62,0,09:38:00.834,09:38:00,26361.76,26368.0,0.64,2,-0.25
sz159920,09:37:57,1767577081896,09:39:00,1767577080931,1.592,1.5968,-0.3006,26324.14,0.8972,3.9728,0,0,1.592,1.0,1.592,1091200,1.591,7350200,1.590,4189300,1.589,4340000,1.588,2295800,1.593,2953900,1.594,2915800,1.595,7713800,1.596,3772100,1.597,1173000,964,72,0,09:38:01.823,09:38:01,26360.31,26369.0,0.25,1,-0.26
sz159920,09:37:57,1767577082903,09:39:02,1767577082414,1.592,1.5968,-0.3006,26324.33,0.8972,3.1882,0,0,1.592,1.007,1.592,1091200,1.591,7350200,1.590,4189300,1.589,4340000,1.588,2295800,1.593,2953900,1.594,2915800,1.595,7713800,1.596,3772100,1.597,1173000,489,66,0,09:38:02.837,09:38:02,26361.1,26369.0,0.6,12,-0.26
sz159920,09:38:00,1767577083907,09:39:02,1767577083233,1.592,1.5968,-0.3006,26324.33,0.8972,2.8847,328700,523284,1.592,1.003,1.591,7354200,1.590,4189300,1.589,4508700,1.588,2295800,1.587,1327900,1.592,6700,1.593,3704000,1.594,2665800,1.595,7714300,1.596,3772100,673,78,0,09:38:03.828,09:38:03,26361.76,26368.0,0.0,5,-0.25
sz159920,09:38:03,1767577084903,09:39:04,1767577084395,1.592,1.5969,-0.3068,26327.17,0.8972,3.1686,357900,569762,1.592,0.997,1.591,7339200,1.590,4189300,1.589,4509900,1.588,2295800,1.587,1327900,1.592,279000,1.593,3704000,1.594,2665800,1.595,7714300,1.596,3772100,508,59,0,09:38:04.844,09:38:04,26360.07,26367.0,-0.45,7,-0.26
sz159920,09:38:03,1767577085904,09:39:04,1767577085321,1.592,1.5969,-0.3068,26327.17,0.8972,2.671,0,0,1.592,1.001,1.591,7339200,1.590,4189300,1.589,4509900,1.588,2295800,1.587,1327900,1.592,279000,1.593,3704000,1.594,2665800,1.595,7714300,1.596,3772100,582,76,0,09:38:05.827,09:38:05,26360.07,26366.5,0.0,8,-0.26
sz159920,09:38:03,1767577086904,09:39:06,1767577086415,1.592,1.5969,-0.3068,26327.6,0.8972,3.4818,0,0,1.592,1.0,1.591,7339200,1.590,4189300,1.589,4509900,1.588,2295800,1.587,1327900,1.592,279000,1.593,3704000,1.594,2665800,1.595,7714300,1.596,3772100,488,60,0,09:38:06.844,09:38:06,26361.76,26369.0,-0.33,1,-0.25
sz159920,09:38:03,1767577087906,09:39:06,1767577087495,1.592,1.5969,-0.3068,26327.6,0.8972,5.4238,0,0,1.592,1.002,1.591,7339200,1.590,4189300,1.589,4509900,1.588,2295800,1.587,1327900,1.592,279000,1.593,3704000,1.594,2665800,1.595,7714300,1.596,3772100,410,69,0,09:38:07.837,09:38:07,26361.1,26369.0,-0.5,0,-0.26
sz159920,09:38:06,1767577088907,09:39:08,1767577088413,1.592,1.5969,-0.3068,26328.29,0.8972,5.3375,398800,634876,1.592,1.0,1.591,7327500,1.590,4591300,1.589,4509900,1.588,2296400,1.587,1325900,1.592,314900,1.593,3461600,1.594,2917800,1.595,7714300,1.596,3770100,493,60,0,09:38:08.846,09:38:08,26356.75,26364.0,-0.33,1,-0.27
sz159920,09:38:06,1767577089913,09:39:08,1767577089693,1.592,1.5969,-0.3068,26328.29,0.8972,4.0513,0,0,1.592,1.007,1.591,7327500,1.590,4591300,1.589,4509900,1.588,2296400,1.587,1325900,1.592,314900,1.593,3461600,1.594,2917800,1.595,7714300,1.596,3770100,219,52,0,09:38:09.861,09:38:09,26353.0,26361.0,-0.2,1,-0.29
sz159920,09:38:06,1767577090903,09:39:10,1767577090516,1.592,1.5969,-0.3068,26326.55,0.8972,4.2538,0,0,1.592,0.99,1.591,7327500,1.590,4591300,1.589,4509900,1.588,2296400,1.587,1325900,1.592,314900,1.593,3461600,1.594,2917800,1.595,7714300,1.596,3770100,387,57,0,09:38:10.846,09:38:10,26353.9,26361.0,0.5,7,-0.28
sz159920,09:38:09,1767577091901,09:39:10,1767577091859,1.591,1.5969,-0.3695,26326.55,0.8972,4.2431,341600,543826,1.592,0.998,1.591,4577800,1.590,5145400,1.589,4511800,1.588,2296400,1.587,1325900,1.592,2605100,1.593,3461600,1.594,8217800,1.595,4535700,1.596,3770100,42,49,0,09:38:11.851,09:38:11,26352.79,26359.5,0.09,2,-0.29
sz159920,09:38:09,1767577092924,09:39:12,1767577092414,1.591,1.5969,-0.3695,26323.41,0.8972,3.7621,0,0,1.591,1.023,1.591,4577800,1.590,5145400,1.589,4511800,1.588,2296400,1.587,1325900,1.592,2605100,1.593,3461600,1.594,8217800,1.595,4535700,1.596,3770100,510,72,0,09:38:12.852,09:38:11,26352.79,26359.0,-0.6,0,-0.29
sz159920,09:38:09,1767577093903,09:39:12,1767577092414,1.591,1.5969,-0.3695,26323.41,0.8972,3.3024,0,0,1.591,0.979,1.591,4577800,1.590,5145400,1.589,4511800,1.588,2296400,1.587,1325900,1.592,2605100,1.593,3461600,1.594,8217800,1.595,4535700,1.596,3770100,1488,41,0,09:38:13.861,09:38:13,26354.4,26361.0,0.5,3,-0.28
sz159920,09:38:12,1767577094923,09:39:14,1767577094428,1.591,1.5969,-0.3695,26323.9,0.8972,2.8071,800,1273,1.5913,1.02,1.591,4577000,1.590,5145400,1.589,4511800,1.588,2296400,1.587,1325900,1.592,2599700,1.593,3461600,1.594,8221800,1.595,4535700,1.596,3770100,495,76,0,09:38:14.847,09:38:14,26359.0,26365.0,0.5,1,-0.26
sz159920,09:38:12,1767577095913,09:39:14,1767577094428,1.591,1.5969,-0.3695,26323.9,0.8972,3.0699,0,0,1.591,0.99,1.591,4577000,1.590,5145400,1.589,4511800,1.588,2296400,1.587,1325900,1.592,2599700,1.593,3461600,1.594,8221800,1.595,4535700,1.596,3770100,1485,57,0,09:38:15.856,09:38:15,26357.64,26367.0,0.5,2,-0.27
sz159920,09:38:12,1767577096923,09:39:16,1767577096413,1.591,1.5969,-0.3695,26326.75,0.8972,3.5234,0,0,1.591,1.01,1.591,4577000,1.590,5145400,1.589,4511800,1.588,2296400,1.587,1325900,1.592,2599700,1.593,3461600,1.594,8221800,1.595,4535700,1.596,3770100,509,62,0,09:38:16.861,09:38:16,26364.62,26371.5,0.2,8,-0.24
sz159920,09:38:15,1767577097906,09:39:16,1767577096413,1.591,1.5969,-0.3695,26326.75,0.8972,3.4588,807000,1284734,1.592,0.983,1.591,4566800,1.590,5145500,1.589,4511800,1.588,2296400,1.587,1325900,1.593,3712600,1.594,5671800,1.595,6850700,1.596,3770100,1.597,1171000,1493,47,0,09:38:17.858,09:38:17,26358.4,26366.0,-0.33,3,-0.27
sz159920,09:38:15,1767577098923,09:39:18,1767577098420,1.591,1.5969,-0.3695,26327.13,0.8972,3.8729,0,0,1.591,1.016,1.591,4566800,1.590,5145500,1.589,4511800,1.588,2296400,1.587,1325900,1.593,3712600,1.594,5671800,1.595,6850700,1.596,3770100,1.597,1171000,502,66,0,09:38:18.856,09:38:18,26356.43,26364.0,-0.33,1,-0.27
sz159920,09:38:15,1767577099913,09:39:18,1767577098420,1.591,1.5969,-0.3695,26327.13,0.8972,3.494,0,0,1.591,0.99,1.591,4566800,1.590,5145500,1.589,4511800,1.588,2296400,1.587,1325900,1.593,3712600,1.594,5671800,1.595,6850700,1.596,3770100,1.597,1171000,1493,29,0,09:38:19.883,09:38:19,26354.97,26364.0,0.67,0,-0.28
sz159920,09:38:18,1767577100935,09:39:20,1767577100588,1.592,1.5975,-0.3443,26324.9,0.8972,2.8282,435500,693316,1.592,1.021,1.591,4566800,1.590,5145500,1.589,4511800,1.588,2296400,1.587,1325900,1.592,1674800,1.593,3712600,1.594,4971800,1.595,4602000,1.596,3770100,346,67,0,09:38:20.867,09:38:20,26356.24,26362.0,0.6,1,-0.28
sz159920,09:38:18,1767577101914,09:39:20,1767577100588,1.592,1.5975,-0.3443,26324.9,0.8972,2.5236,0,0,1.592,0.979,1.591,4566800,1.590,5145500,1.589,4511800,1.588,2296400,1.587,1325900,1.592,1674800,1.593,3712600,1.594,4971800,1.595,4602000,1.596,3770100,1325,45,0,09:38:21.868,09:38:21,26359.0,26365.5,-0.2,0,-0.26
sz159920,09:38:18,1767577102923,09:39:22,1767577102776,1.592,1.5975,-0.3443,26328.79,0.8972,2.483,0,0,1.592,1.01,1.591,4566800,1.590,5145500,1.589,4511800,1.588,2296400,1.587,1325900,1.592,1674800,1.593,3712600,1.594,4971800,1.595,4602000,1.596,3770100,146,54,0,09:38:22.868,09:38:22,26359.42,26368.0,0.33,0,-0.26
sz159920,09:38:18,1767577103931,09:39:22,1767577102776,1.592,1.5975,-0.3443,26328.79,0.8972,2.6779,0,0,1.592,1.007,1.591,4566800,1.590,5145500,1.589,4511800,1.588,2296400,1.587,1325900,1.592,1674800,1.593,3712600,1.594,4971800,1.595,4602000,1.596,3770100,1154,43,0,09:38:23.887,09:38:23,26358.53,26368.5,-0.08,1,-0.27
sz159920,09:38:21,1767577104922,09:39:24,1767577104921,1.591,1.5975,-0.4069,26326.72,0.8972,2.465,2600,4136,1.5908,0.992,1.591,5740500,1.590,5139300,1.589,4511800,1.588,2296400,1.587,1325900,1.592,25700,1.593,3712600,1.594,5671800,1.595,6902000,1.596,3770100,0,45,0,09:38:24.877,09:38:24,26360.84,26367.0,-0.6,2,-0.26
sz159920,09:38:21,1767577105943,09:39:24,1767577104921,1.591,1.5975,-0.4069,26326.72,0.8972,1.7459,0,0,1.591,1.02,1.591,5740500,1.590,5139300,1.589,4511800,1.588,2296400,1.587,1325900,1.592,25700,1.593,3712600,1.594,5671800,1.595,6902000,1.596,3770100,1020,51,0,09:38:25.891,09:38:25,26360.98,26369.0,-0.14,0,-0.26
sz159920,09:38:24,1767577106925,09:39:26,1767577106391,1.592,1.5975,-0.3443,26328.52,0.8972,1.7771,12300,19580,1.5919,0.982,1.591,4563900,1.590,5139300,1.589,4511800,1.588,2296400,1.587,1325900,1.592,98800,1.593,3674900,1.594,5671800,1.595,6902000,1.596,3770100,534,33,0,09:38:26.891,09:38:26,26362.8,26370.0,-0.67,6,-0.25
sz159920,09:38:24,1767577107933,09:39:26,1767577107100,1.592,1.5975,-0.3443,26328.52,0.8972,2.198,0,0,1.592,1.008,1.591,4563900,1.590,5139300,1.589,4511800,1.588,2296400,1.587,1325900,1.592,98800,1.593,3674900,1.594,5671800,1.595,6902000,1.596,3770100,832,49,0,09:38:27.883,09:38:27,26355.7,26364.0,-0.43,9,-0.28
sz159920,09:38:24,1767577108923,09:39:28,1767577108420,1.592,1.5975,-0.3443,26328.46,0.8972,2.1496,0,0,1.592,0.99,1.591,4563900,1.590,5139300,1.589,4511800,1.588,2296400,1.587,1325900,1.592,98800,1.593,3674900,1.594,5671800,1.595,6902000,1.596,3770100,502,16,0,09:38:28.906,09:38:27,26355.7,26364.0,-0.43,0,-0.28
sz159920,09:38:27,1767577109932,09:39:28,1767577109281,1.591,1.5975,-0.4069,26328.46,0.8972,5.1658,142000,226044,1.5919,1.009,1.591,4548600,1.590,5139300,1.589,4511800,1.588,2299400,1.587,1325900,1.592,2269000,1.593,3677900,1.594,4971800,1.595,4607000,1.596,3770100,650,30,0,09:38:29.901,09:38:29,26358.53,26368.0,-0.67,5,-0.27
sz159920,09:38:27,1767577110923,09:39:30,1767577110422,1.591,1.5975,-0.4069,26330.24,0.8972,4.622,0,0,1.591,0.991,1.591,4548600,1.590,5139300,1.589,4511800,1.588,2299400,1.587,1325900,1.592,2269000,1.593,3677900,1.594,4971800,1.595,4607000,1.596,3770100,500,16,0,09:38:30.906,09:38:30,26359.42,26366.0,-0.67,0,-0.26
sz159920,09:38:27,1767577111931,09:39:30,1767577111455,1.591,1.5975,-0.4069,26330.24,0.8972,4.5842,0,0,1.591,1.009,1.591,4548600,1.590,5139300,1.589,4511800,1.588,2299400,1.587,1325900,1.592,2269000,1.593,3677900,1.594,4971800,1.595,4607000,1.596,3770100,476,44,0,09:38:31.886,09:38:31,26359.92,26366.0,0.0,4,-0.26
sz159920,09:38:30,1767577112934,09:39:32,1767577112432,1.592,1.5975,-0.3443,26331.23,0.8972,4.2017,700,1115,1.5929,1.002,1.591,5725500,1.590,5139300,1.589,4509800,1.588,2299400,1.587,1325900,1.592,1138000,1.593,4029300,1.594,5721800,1.595,6907000,1.596,3799900,501,16,0,09:38:32.917,09:38:32,26358.53,26366.0,0.33,1,-0.27
sz159920,09:38:30,1767577113936,09:39:32,1767577113625,1.592,1.5975,-0.3443,26331.23,0.8972,4.1277,0,0,1.592,1.002,1.591,5725500,1.590,5139300,1.589,4509800,1.588,2299400,1.587,1325900,1.592,1138000,1.593,4029300,1.594,5721800,1.595,6907000,1.596,3799900,310,19,0,09:38:33.916,09:38:33,26354.97,26363.0,0.43,3,-0.28
sz159920,09:38:30,1767577114933,09:39:34,1767577114440,1.592,1.5975,-0.3443,26327.78,0.8972,4.3025,0,0,1.592,0.997,1.591,5725500,1.590,5139300,1.589,4509800,1.588,2299400,1.587,1325900,1.592,1138000,1.593,4029300,1.594,5721800,1.595,6907000,1.596,3799900,492,12,0,09:38:34.920,09:38:34,26356.24,26362.5,0.0,0,-0.28
sz159920,09:38:33,1767577115933,09:39:34,1767577115799,1.591,1.5975,-0.4069,26327.78,0.8972,3.3683,301500,479986,1.592,1.001,1.591,4559300,1.590,5139300,1.589,4509800,1.588,2299400,1.587,1325900,1.592,848900,1.593,4029300,1.594,8021800,1.595,4607000,1.596,3799900,133,38,0,09:38:35.895,09:38:35,26354.8,26363.0,-0.6,6,-0.28
sz159920,09:38:33,1767577116935,09:39:36,1767577116424,1.591,1.5975,-0.4069,26325.62,0.8972,3.9627,0,0,1.591,1.002,1.591,4559300,1.590,5139300,1.589,4509800,1.588,2299400,1.587,1325900,1.592,848900,1.593,4029300,1.594,8021800,1.595,4607000,1.596,3799900,510,29,0,09:38:36.905,09:38:36,26356.43,26364.0,-0.75,3,-0.27
sz159920,09:38:33,1767577117933,09:39:36,1767577116424,1.591,1.5975,-0.4069,26325.62,0.8972,4.3467,0,0,1.591,0.998,1.591,4559300,1.590,5139300,1.589,4509800,1.588,2299400,1.587,1325900,1.592,848900,1.593,4029300,1.594,8021800,1.595,4607000,1.596,3799900,1508,15,0,09:38:37.917,09:38:37,26354.08,26363.0,0.33,2,-0.28
sz159920,09:38:36,1767577118933,09:39:38,1767577118403,1.591,1.5975,-0.4069,26324.45,0.8972,3.5905,13200,21001,1.591,1.0,1.591,4634100,1.590,5239300,1.589,4601800,1.588,2299400,1.587,1325900,1.592,1871400,1.593,4155600,1.594,8111800,1.595,4697000,1.596,3799900,530,16,0,09:38:38.917,09:38:38,26359.0,26365.0,-0.2,3,-0.26
sz159920,09:38:36,1767577119935,09:39:38,1767577118403,1.591,1.5975,-0.4069,26324.45,0.8972,3.7631,0,0,1.591,1.002,1.591,4634100,1.590,5239300,1.589,4601800,1.588,2299400,1.587,1325900,1.592,1871400,1.593,4155600,1.594,8111800,1.595,4697000,1.596,3799900,1532,29,0,09:38:39.905,09:38:39,26358.53,26367.0,0.5,0,-0.27
sz159920,09:38:36,1767577120933,09:39:40,1767577120413,1.591,1.5975,-0.4069,26327.22,0.8972,3.7661,0,0,1.591,0.998,1.591,4634100,1.590,5239300,1.589,4601800,1.588,2299400,1.587,1325900,1.592,1871400,1.593,4155600,1.594,8111800,1.595,4697000,1.596,3799900,519,15,0,09:38:40.917,09:38:40,26355.86,26364.0,0.11,4,-0.28
sz159920,09:38:39,1767577121942,09:39:40,1767577120945,1.592,1.5975,-0.3443,26327.22,0.8972,3.457,300600,478555,1.592,1.009,1.591,6689500,1.590,5239300,1.589,4601800,1.588,2299400,1.587,1325900,1.592,1580500,1.593,4154300,1.594,3061800,1.595,6997000,1.596,3799900,996,37,0,09:38:41.905,09:38:41,26358.4,26366.0,0.43,1,-0.27
sz159920,09:38:39,1767577122940,09:39:42,1767577122387,1.592,1.5975,-0.3443,26326.78,0.8972,3.3513,0,0,1.592,0.998,1.591,6689500,1.590,5239300,1.589,4601800,1.588,2299400,1.587,1325900,1.592,1580500,1.593,4154300,1.594,3061800,1.595,6997000,1.596,3799900,552,17,0,09:38:42.922,09:38:42,26362.68,26368.5,0.0,8,-0.25
sz159920,09:38:39,1767577123943,09:39:42,1767577122387,1.592,1.5975,-0.3443,26326.78,0.8972,3.1849,0,0,1.592,1.003,1.591,6689500,1.590,5239300,1.589,4601800,1.588,2299400,1.587,1325900,1.592,1580500,1.593,4154300,1.594,3061800,1.595,6997000,1.596,3799900,1555,25,0,09:38:43.918,09:38:43,26360.31,26371.0,0.33,20,-0.26
sz159920,09:38:42,1767577124960,09:39:44,1767577124534,1.591,1.5975,-0.4069,26327.09,0.8972,3.1651,301000,479192,1.592,1.017,1.591,5809900,1.590,5239300,1.589,4609800,1.588,2299400,1.587,1325900,1.592,1122900,1.593,4236400,1.594,3061800,1.595,6990000,1.596,3799900,426,23,0,09:38:44.937,09:38:44,26360.31,26370.0,0.25,6,-0.26
sz159920,09:38:42,1767577125963,09:39:44,1767577124534,1.591,1.5975,-0.4069,26327.09,0.8972,3.4277,0,0,1.591,1.003,1.591,5809900,1.590,5239300,1.589,4609800,1.588,2299400,1.587,1325900,1.592,1122900,1.593,4236400,1.594,3061800,1.595,6990000,1.596,3799900,1428,20,0,09:38:45.942,09:38:45,26362.9,26371.0,0.0,2,-0.25
sz159920,09:38:42,1767577126973,09:39:46,1767577126704,1.591,1.5975,-0.4069,26329.68,0.8972,3.1381,0,0,1.591,1.01,1.591,5809900,1.590,5239300,1.589,4609800,1.588,2299400,1.587,1325900,1.592,1122900,1.593,4236400,1.594,3061800,1.595,6990000,1.596,3799900,268,45,0,09:38:46.927,09:38:46,26361.1,26369.0,-0.33,1,-0.26
sz159920,09:38:45,1767577127963,09:39:47,1767577127937,1.592,1.5975,-0.3443,26329.68,0.8972,2.6948,1153600,1836527,1.592,0.991,1.592,1301100,1.591,7543700,1.590,5239300,1.589,4609800,1.588,2309400,1.593,4480200,1.594,3076800,1.595,7221500,1.596,3799900,1.597,1176000,26,31,0,09:38:47.931,09:38:47,26361.2,26370.0,-0.67,1,-0.26
sz159920,09:38:45,1767577128991,09:39:48,1767577128883,1.592,1.5975,-0.3443,26329.25,0.8972,3.2645,0,0,1.592,1.028,1.592,1301100,1.591,7543700,1.590,5239300,1.589,4609800,1.588,2309400,1.593,4480200,1.594,3076800,1.595,7221500,1.596,3799900,1.597,1176000,108,48,0,09:38:48.943,09:38:48,26363.8,26372.0,-0.43,0,-0.25
sz159920,09:38:45,1767577129966,09:39:49,1767577129952,1.592,1.5975,-0.3443,26329.25,0.8972,3.2038,0,0,1.592,0.975,1.592,1301100,1.591,7543700,1.590,5239300,1.589,4609800,1.588,2309400,1.593,4480200,1.594,3076800,1.595,7221500,1.596,3799900,1.597,1176000,14,29,0,09:38:49.937,09:38:49,26360.2,26370.0,0.71,2,-0.26
sz159920,09:38:48,1767577130983,09:39:50,1767577130436,1.592,1.5976,-0.3505,26326.77,0.8972,2.9787,50900,81033,1.592,1.017,1.592,557600,1.591,7543700,1.590,5239300,1.589,4609800,1.588,2309400,1.593,4500200,1.594,3076800,1.595,7221500,1.596,3799900,1.597,1176000,546,46,0,09:38:50.937,09:38:50,26365.53,26372.5,0.0,7,-0.24
sz159920,09:38:48,1767577131973,09:39:51,1767577131945,1.592,1.5976,-0.3505,26326.77,0.8972,2.8114,0,0,1.592,0.99,1.592,557600,1.591,7543700,1.590,5239300,1.589,4609800,1.588,2309400,1.593,4500200,1.594,3076800,1.595,7221500,1.596,3799900,1.597,1176000,27,36,0,09:38:51.936,09:38:50,26362.98,26371.0,0.33,0,-0.25
sz159920,09:38:48,1767577132977,09:39:52,1767577132416,1.592,1.5976,-0.3505,26332.27,0.8972,1.5858,0,0,1.592,1.004,1.592,557600,1.591,7543700,1.590,5239300,1.589,4609800,1.588,2309400,1.593,4500200,1.594,3076800,1.595,7221500,1.596,3799900,1.597,1176000,561,30,0,09:38:52.947,09:38:52,26362.0,26371.0,-0.71,2,-0.25
sz159920,09:38:48,1767577133972,09:39:53,1767577133946,1.592,1.5976,-0.3505,26332.27,0.8972,2.3789,0,0,1.592,0.995,1.592,557600,1.591,7543700,1.590,5239300,1.589,4609800,1.588,2309400,1.593,4500200,1.594,3076800,1.595,7221500,1.596,3799900,1.597,1176000,25,14,0,09:38:53.957,09:38:52,26362.0,26371.0,-0.71,0,-0.25
sz159920,09:38:51,1767577134976,09:39:54,1767577134403,1.592,1.5976,-0.3505,26333.95,0.8972,2.4021,62100,98863,1.592,1.004,1.592,467600,1.591,7543700,1.590,5239300,1.589,4609800,1.588,2309400,1.593,3779700,1.594,3076800,1.595,7226500,1.596,3799900,1.597,1176000,572,29,0,09:38:54.946,09:38:54,26360.31,26370.0,0.43,6,-0.26
sz159920,09:38:54,1767577136075,09:39:54,1767577135408,1.592,1.5976,-0.3505,26333.95,0.8972,2.6499,18300,29133,1.592,1.099,1.592,478200,1.591,7543700,1.590,5239300,1.589,4609800,1.588,2309400,1.593,3789800,1.594,3083100,1.595,7228500,1.596,3799900,1.597,1176000,666,0,0,09:38:56.074,09:38:54,26360.31,26370.0,0.43,0,-0.26
sz159920,09:38:54,1767577136984,09:39:56,1767577136518,1.592,1.5976,-0.3505,26330.3,0.8972,2.1937,0,0,1.592,0.909,1.592,478200,1.591,7543700,1.590,5239300,1.589,4609800,1.588,2309400,1.593,3789800,1.594,3083100,1.595,7228500,1.596,3799900,1.597,1176000,465,29,0,09:38:56.954,09:38:56,26362.0,26369.0,0.5,1,-0.25
sz159920,09:38:54,1767577137970,09:39:57,1767577137947,1.592,1.5976,-0.3505,26330.3,0.8972,2.1512,0,0,1.592,0.986,1.592,478200,1.591,7543700,1.590,5239300,1.589,4609800,1.588,2309400,1.593,3789800,1.594,3083100,1.595,7228500,1.596,3799900,1.597,1176000,22,4,0,09:38:57.965,09:38:57,26361.89,26368.0,-0.33,3,-0.25
sz159920,09:38:57,1767577138979,09:39:58,1767577138395,1.592,1.5976,-0.3505,26332.59,0.8972,1.789,114900,182921,1.592,1.01,1.591,5781300,1.590,5239300,1.589,4609800,1.588,2309400,1.587,1385900,1.593,4565100,1.594,3082100,1.595,7267200,1.596,3799900,1.597,1176000,584,7,0,09:38:58.972,09:38:58,26362.8,26369.5,0.67,0,-0.25
sz159920,09:38:57,1767577139979,09:39:59,1767577139938,1.592,1.5976,-0.3505,26332.59,0.8972,1.4605,0,0,1.592,1.0,1.591,5781300,1.590,5239300,1.589,4609800,1.588,2309400,1.587,1385900,1.593,4565100,1.594,3082100,1.595,7267200,1.596,3799900,1.597,1176000,41,16,0,09:38:59.962,09:38:59,26358.08,26363.5,0.5,2,-0.27
sz159920,09:38:57,1767577140975,09:40:00,1767577140421,1.592,1.5976,-0.3505,26330.76,0.8972,2.2375,0,0,1.592,0.996,1.591,5781300,1.590,5239300,1.589,4609800,1.588,2309400,1.587,1385900,1.593,4565100,1.594,3082100,1.595,7267200,1.596,3799900,1.597,1176000,553,0,0,09:39:00.975,09:39:00,26364.7,26369.5,0.0,26,-0.24
sz159920,09:38:57,1767577141985,09:40:01,1767577141938,1.592,1.5976,-0.3505,26330.76,0.8972,3.2192,0,0,1.592,1.01,1.591,5781300,1.590,5239300,1.589,4609800,1.588,2309400,1.587,1385900,1.593,4565100,1.594,3082100,1.595,7267200,1.596,3799900,1.597,1176000,46,22,0,09:39:01.962,09:39:01,26355.86,26364.0,-0.11,2,-0.28
sz159920,09:38:57,1767577142980,09:40:02,1767577142944,1.592,1.5976,-0.3505,26328.11,0.8972,2.679,0,0,1.592,0.995,1.591,5781300,1.590,5239300,1.589,4609800,1.588,2309400,1.587,1385900,1.593,4565100,1.594,3082100,1.595,7267200,1.596,3799900,1.597,1176000,35,6,0,09:39:02.973,09:39:02,26362.0,26370.0,-0.75,2,-0.25
sz159920,09:39:00,1767577143987,09:40:02,1767577143255,1.592,1.5976,-0.3505,26328.11,0.8972,2.6279,200,319,1.595,1.008,1.591,7351200,1.590,5239300,1.589,4611800,1.588,2310700,1.587,1385900,1.592,166200,1.593,4607800,1.594,3082100,1.595,7029500,1.596,3799900,732,14,0,09:39:03.972,09:39:03,26363.6,26370.0,0.11,4,-0.25
sz159920,09:39:00,1767577144994,09:40:04,1767577144413,1.592,1.5976,-0.3505,26329.53,0.8972,2.3393,0,0,1.592,1.006,1.591,7351200,1.590,5239300,1.589,4611800,1.588,2310700,1.587,1385900,1.592,166200,1.593,4607800,1.594,3082100,1.595,7029500,1.596,3799900,580,18,0,09:39:04.975,09:39:04,26360.07,26368.0,0.67,8,-0.26
sz159920,09:39:03,1767577145996,09:40:05,1767577145947,1.592,1.5977,-0.3568,26329.53,0.8972,2.2942,196000,312032,1.592,1.002,1.592,1125400,1.591,7341200,1.590,5239300,1.589,4611800,1.588,2310700,1.593,4128400,1.594,3082100,1.595,7029500,1.596,3828900,1.597,1176000,48,21,0,09:39:05.974,09:39:05,26363.71,26372.0,-0.2,4,-0.25
sz159920,09:39:03,1767577147061,09:40:06,1767577146435,1.592,1.5977,-0.3568,26329.37,0.8972,2.0147,0,0,1.592,1.065,1.592,1125400,1.591,7341200,1.590,5239300,1.589,4611800,1.588,2310700,1.593,4128400,1.594,3082100,1.595,7029500,1.596,3828900,1.597,1176000,626,87,0,09:39:06.973,09:39:06,26359.3,26369.0,-0.57,48,-0.26
sz159920,09:39:03,1767577147996,09:40:07,1767577147952,1.592,1.5977,-0.3568,26329.37,0.8972,1.4512,0,0,1.592,0.935,1.592,1125400,1.591,7341200,1.590,5239300,1.589,4611800,1.588,2310700,1.593,4128400,1.594,3082100,1.595,7029500,1.596,3828900,1.597,1176000,44,23,0,09:39:07.973,09:39:07,26359.3,26367.5,0.4,0,-0.26
sz159920,09:39:06,1767577148993,09:40:08,1767577148469,1.592,1.5977,-0.3568,26328.08,0.8972,2.0925,41700,66386,1.592,0.997,1.592,10000,1.591,7341200,1.590,5239300,1.589,4611800,1.588,2310700,1.593,4128800,1.594,3082100,1.595,7122600,1.596,3828900,1.597,4176000,523,1,0,09:39:08.991,09:39:08,26359.16,26367.0,0.6,3,-0.26
sz159920,09:39:06,1767577149988,09:40:09,1767577149951,1.592,1.5977,-0.3568,26328.08,0.8972,2.1226,0,0,1.592,0.994,1.592,10000,1.591,7341200,1.590,5239300,1.589,4611800,1.588,2310700,1.593,4128800,1.594,3082100,1.595,7122600,1.596,3828900,1.597,4176000,36,4,0,09:39:09.983,09:39:09,26360.84,26368.0,0.6,0,-0.26
sz159920,09:39:09,1767577151018,09:40:10,1767577150637,1.593,1.5977,-0.2942,26327.77,0.8972,2.2105,136800,217793,1.5921,1.03,1.592,824700,1.591,7383200,1.590,5239300,1.589,4609800,1.588,2310700,1.593,4121800,1.594,3160200,1.595,7034500,1.596,3828900,1.597,4176000,380,4,0,09:39:11.013,09:39:10,26365.44,26371.0,-0.33,2,-0.24
sz159920,09:39:09,1767577152013,09:40:11,1767577151975,1.593,1.5977,-0.2942,26327.77,0.8972,0.985,0,0,1.593,0.996,1.592,824700,1.591,7383200,1.590,5239300,1.589,4609800,1.588,2310700,1.593,4121800,1.594,3160200,1.595,7034500,1.596,3828900,1.597,4176000,38,535,0,09:39:11.478,09:39:11,26363.71,26371.0,-0.71,5,-0.25
sz159920,09:39:09,1767577153010,09:40:12,1767577152821,1.593,1.5977,-0.2942,26331.22,0.8972,2.7824,0,0,1.593,0.997,1.592,824700,1.591,7383200,1.590,5239300,1.589,4609800,1.588,2310700,1.593,4121800,1.594,3160200,1.595,7034500,1.596,3828900,1.597,4176000,189,1,0,09:39:13.009,09:39:12,26362.09,26371.0,0.5,0,-0.25
sz159920,09:39:09,1767577153998,09:40:13,1767577153951,1.593,1.5977,-0.2942,26331.22,0.8972,2.7296,0,0,1.593,0.988,1.592,824700,1.591,7383200,1.590,5239300,1.589,4609800,1.588,2310700,1.593,4121800,1.594,3160200,1.595,7034500,1.596,3828900,1.597,4176000,47,5,0,09:39:13.993,09:39:13,26364.52,26370.5,0.2,0,-0.24
sz159920,09:39:12,1767577155007,09:40:14,1767577154993,1.592,1.5977,-0.3568,26330.71,0.8972,2.6777,49800,79286,1.5921,1.009,1.592,705200,1.591,7383200,1.590,5539300,1.589,4609800,1.588,2010700,1.593,4228800,1.594,3160200,1.595,7047000,1.596,3843900,1.597,4176000,13,10,0,09:39:14.996,09:39:14,26364.52,26370.5,0.33,1,-0.24
sz159920,09:39:12,1767577155992,09:40:15,1767577155952,1.592,1.5977,-0.3568,26330.71,0.8972,3.8879,0,0,1.592,0.985,1.592,705200,1.591,7383200,1.590,5539300,1.589,4609800,1.588,2010700,1.593,4228800,1.594,3160200,1.595,7047000,1.596,3843900,1.597,4176000,39,1,0,09:39:15.991,09:39:15,26371.88,26381.0,-0.2,20,-0.22
sz159920,09:39:12,1767577157008,09:40:16,1767577156412,1.592,1.5977,-0.3568,26336.89,0.8972,3.818,0,0,1.592,1.016,1.592,705200,1.591,7383200,1.590,5539300,1.589,4609800,1.588,2010700,1.593,4228800,1.594,3160200,1.595,7047000,1.596,3843900,1.597,4176000,596,0,0,09:39:17.008,09:39:16,26376.45,26385.5,0.5,22,-0.2
sz159920,09:39:15,1767577157993,09:40:17,1767577157942,1.592,1.5977,-0.3568,26336.89,0.8972,4.0073,828500,1319769,1.593,0.984,1.592,6922400,1.591,5083200,1.590,4072100,1.589,3050600,1.588,2010800,1.593,1225900,1.594,3917800,1.595,9357700,1.596,3844700,1.597,4176000,51,4,0,09:39:17.988,09:39:17,26371.0,26381.0,0.5,31,-0.22
sz159920,09:39:15,1767577159003,09:40:18,1767577158412,1.592,1.5977,-0.3568,26340.97,0.8972,3.3033,0,0,1.592,1.01,1.592,6922400,1.591,5083200,1.590,4072100,1.589,3050600,1.588,2010800,1.593,1225900,1.594,3917800,1.595,9357700,1.596,3844700,1.597,4176000,590,511,0,09:39:18.491,09:39:18,26373.72,26380.5,0.33,7,-0.21
sz159920,09:39:15,1767577160012,09:40:19,1767577159944,1.592,1.5977,-0.3568,26340.97,0.8972,3.4273,0,0,1.592,1.009,1.592,6922400,1.591,5083200,1.590,4072100,1.589,3050600,1.588,2010800,1.593,1225900,1.594,3917800,1.595,9357700,1.596,3844700,1.597,4176000,67,520,0,09:39:19.492,09:39:19,26375.44,26386.0,-0.6,7,-0.2
sz159920,09:39:15,1767577161008,09:40:20,1767577160445,1.592,1.5977,-0.3568,26342.1,0.8972,3.588,0,0,1.592,0.996,1.592,6922400,1.591,5083200,1.590,4072100,1.589,3050600,1.588,2010800,1.593,1225900,1.594,3917800,1.595,9357700,1.596,3844700,1.597,4176000,563,6,0,09:39:21.001,09:39:20,26375.5,26385.5,-0.27,45,-0.2
sz159920,09:39:18,1767577162012,09:40:21,1767577161936,1.592,1.5974,-0.338,26342.1,0.8972,3.4327,2000,3184,1.592,1.004,1.592,7010400,1.591,5095200,1.590,4069100,1.589,3050600,1.588,2010800,1.593,1086200,1.594,4066400,1.595,4060700,1.596,6237700,1.597,4176000,75,1,0,09:39:22.010,09:39:21,26378.2,26387.0,-0.14,0,-0.19
sz159920,09:39:18,1767577163001,09:40:22,1767577162950,1.592,1.5974,-0.338,26343.79,0.8972,3.5478,0,0,1.592,0.989,1.592,7010400,1.591,5095200,1.590,4069100,1.589,3050600,1.588,2010800,1.593,1086200,1.594,4066400,1.595,4060700,1.596,6237700,1.597,4176000,50,0,0,09:39:23.001,09:39:22,26377.36,26387.0,0.2,2,-0.2
sz159920,09:39:21,1767577164011,09:40:22,1767577163775,1.592,1.5974,-0.338,26343.79,0.8972,3.4395,100,159,1.59,1.01,1.592,6987500,1.591,5398400,1.590,4069100,1.589,2750600,1.588,2010800,1.593,1018700,1.594,4066400,1.595,4111100,1.596,6237700,1.597,4176000,235,0,0,09:39:24.011,09:39:23,26377.22,26387.5,0.11,2,-0.2
sz159920,09:39:21,1767577165020,09:40:24,1767577164439,1.592,1.5974,-0.338,26346.79,0.8972,3.736,0,0,1.592,1.009,1.592,6987500,1.591,5398400,1.590,4069100,1.589,2750600,1.588,2010800,1.593,1018700,1.594,4066400,1.595,4111100,1.596,6237700,1.597,4176000,580,499,0,09:39:24.520,09:39:24,26375.5,26386.0,0.0,4,-0.2
sz159920,09:39:21,1767577166020,09:40:25,1767577165946,1.592,1.5974,-0.338,26346.79,0.8972,3.0526,0,0,1.592,1.0,1.592,6987500,1.591,5398400,1.590,4069100,1.589,2750600,1.588,2010800,1.593,1018700,1.594,4066400,1.595,4111100,1.596,6237700,1.597,4176000,73,509,0,09:39:25.510,09:39:25,26375.44,26384.5,0.09,2,-0.2
sz159920,09:39:24,1767577167011,09:40:26,1767577166410,1.592,1.5974,-0.338,26344.54,0.8972,2.9287,498600,794071,1.5926,0.991,1.592,6813500,1.591,5396500,1.590,4067100,1.589,2749900,1.588,2010800,1.593,719600,1.594,3318900,1.595,4118200,1.596,6237700,1.597,4176000,600,1,0,09:39:27.010,09:39:26,26375.44,26386.0,-0.33,8,-0.2
sz159920,09:39:24,1767577168012,09:40:27,1767577167940,1.592,1.5974,-0.338,26344.54,0.8972,3.8573,0,0,1.592,1.001,1.592,6813500,1.591,5396500,1.590,4067100,1.589,2749900,1.588,2010800,1.593,719600,1.594,3318900,1.595,4118200,1.596,6237700,1.597,4176000,71,479,0,09:39:27.532,09:39:27,26380.0,26391.0,0.2,3,-0.19
sz159920,09:39:24,1767577169010,09:40:28,1767577168424,1.592,1.5974,-0.338,26352.75,0.8972,3.7878,0,0,1.592,0.998,1.592,6813500,1.591,5396500,1.590,4067100,1.589,2749900,1.588,2010800,1.593,719600,1.594,3318900,1.595,4118200,1.596,6237700,1.597,4176000,586,0,0,09:39:29.010,09:39:28,26376.4,26384.0,-0.6,7,-0.2
sz159920,09:39:27,1767577170030,09:40:29,1767577169942,1.593,1.5974,-0.2754,26352.75,0.8972,6.1911,745600,1187740,1.593,1.02,1.593,3341600,1.592,4513300,1.591,4996500,1.590,4067100,1.589,2249900,1.594,3156900,1.595,4141600,1.596,7376700,1.597,4182400,1.598,1555000,87,3,0,09:39:30.027,09:39:29,26366.54,26376.0,-0.33,22,-0.24
sz159920,09:39:27,1767577171012,09:40:30,1767577170394,1.593,1.5974,-0.2754,26344.54,0.8972,5.1409,0,0,1.593,0.982,1.593,3341600,1.592,4513300,1.591,4996500,1.590,4067100,1.589,2249900,1.594,3156900,1.595,4141600,1.596,7376700,1.597,4182400,1.598,1555000,618,0,0,09:39:31.012,09:39:30,26370.99,26380.5,-0.75,5,-0.22
sz159920,09:39:27,1767577172021,09:40:31,1767577171937,1.593,1.5974,-0.2754,26344.54,0.8972,5.0568,0,0,1.593,1.009,1.593,3341600,1.592,4513300,1.591,4996500,1.590,4067100,1.589,2249900,1.594,3156900,1.595,4141600,1.596,7376700,1.597,4182400,1.598,1555000,84,0,0,09:39:32.021,09:39:31,26372.8,26382.0,0.6,1,-0.21
sz159920,09:39:27,1767577173027,09:40:32,1767577172467,1.593,1.5974,-0.2754,26342.62,0.8972,5.4481,0,0,1.593,1.006,1.593,3341600,1.592,4513300,1.591,4996500,1.590,4067100,1.589,2249900,1.594,3156900,1.595,4141600,1.596,7376700,1.597,4182400,1.598,1555000,560,5,0,09:39:33.022,09:39:32,26373.72,26382.0,-0.33,1,-0.21
sz159920,09:39:30,1767577174032,09:40:32,1767577172467,1.593,1.5974,-0.2754,26342.62,0.8972,4.8834,15100,24055,1.593,1.005,1.592,4092700,1.591,4696500,1.590,4444100,1.589,2549900,1.588,2010800,1.593,774000,1.594,4067700,1.595,9441600,1.596,4824700,1.597,4182400,1564,1,0,09:39:34.030,09:39:33,26374.64,26381.5,0.11,2,-0.21
sz159920,09:39:30,1767577175026,09:40:34,1767577174637,1.593,1.5974,-0.2754,26342.71,0.8972,4.8017,0,0,1.593,0.995,1.592,4092700,1.591,4696500,1.590,4444100,1.589,2549900,1.588,2010800,1.593,774000,1.594,4067700,1.595,9441600,1.596,4824700,1.597,4182400,389,502,0,09:39:34.524,09:39:33,26374.64,26381.5,0.11,0,-0.21
sz159920,09:39:33,1767577176022,09:40:35,1767577175935,1.592,1.5986,-0.4129,26342.71,0.8972,4.5566,4000,6368,1.592,0.996,1.592,5283200,1.591,4696500,1.590,4610700,1.589,2549900,1.588,2010800,1.593,774900,1.594,4073200,1.595,6441700,1.596,4824700,1.597,4182400,86,490,0,09:39:35.532,09:39:35,26376.48,26386.0,-0.5,5,-0.2
sz159920,09:39:33,1767577177051,09:40:36,1767577176813,1.592,1.5986,-0.4129,26346.25,0.8972,4.9365,0,0,1.592,1.029,1.592,5283200,1.591,4696500,1.590,4610700,1.589,2549900,1.588,2010800,1.593,774900,1.594,4073200,1.595,6441700,1.596,4824700,1.597,4182400,238,0,0,09:39:37.051,09:39:36,26380.09,26390.5,-0.14,0,-0.19
sz159920,09:39:33,1767577178033,09:40:37,1767577177940,1.592,1.5986,-0.4129,26346.25,0.8972,4.8543,0,0,1.592,0.982,1.592,5283200,1.591,4696500,1.590,4610700,1.589,2549900,1.588,2010800,1.593,774900,1.594,4073200,1.595,6441700,1.596,4824700,1.597,4182400,93,0,0,09:39:38.033,09:39:37,26377.22,26387.0,-0.14,1,-0.2
sz159920,09:39:33,1767577179030,09:40:38,1767577178985,1.592,1.5986,-0.4129,26348.17,0.8972,5.1243,0,0,1.592,0.997,1.592,5283200,1.591,4696500,1.590,4610700,1.589,2549900,1.588,2010800,1.593,774900,1.594,4073200,1.595,6441700,1.596,4824700,1.597,4182400,45,0,0,09:39:39.030,09:39:38,26379.24,26387.5,-0.5,2,-0.19
sz159920,09:39:36,1767577180050,09:40:39,1767577179942,1.593,1.5986,-0.3503,26348.17,0.8972,4.858,409000,651529,1.593,1.019,1.593,1533000,1.592,4608700,1.591,5192100,1.590,4613200,1.589,2249900,1.594,3252100,1.595,4162900,1.596,7126800,1.597,4182400,1.598,1591100,106,7,0,09:39:40.042,09:39:39,26381.0,26391.0,-0.33,2,-0.18
sz159920,09:39:36,1767577181025,09:40:40,1767577180416,1.593,1.5986,-0.3503,26350.12,0.8972,4.3068,0,0,1.593,0.976,1.593,1533000,1.592,4608700,1.591,5192100,1.590,4613200,1.589,2249900,1.594,3252100,1.595,4162900,1.596,7126800,1.597,4182400,1.598,1591100,609,349,0,09:39:40.676,09:39:40,26383.73,26394.0,-0.33,1,-0.17
sz159920,09:39:36,1767577182037,09:40:41,1767577181945,1.593,1.5986,-0.3503,26350.12,0.8972,4.0352,0,0,1.593,1.012,1.593,1533000,1.592,4608700,1.591,5192100,1.590,4613200,1.589,2249900,1.594,3252100,1.595,4162900,1.596,7126800,1.597,4182400,1.598,1591100,92,3,0,09:39:42.034,09:39:41,26384.5,26395.0,-0.71,5,-0.17
sz159920,09:39:39,1767577183032,09:40:42,1767577182412,1.593,1.5986,-0.3503,26352.25,0.8972,3.9633,51400,81880,1.593,0.995,1.593,1278600,1.592,6927200,1.591,5192100,1.590,4756600,1.589,2249900,1.594,4006300,1.595,4162900,1.596,7126800,1.597,4186400,1.598,4591100,619,486,0,09:39:42.545,09:39:42,26383.6,26394.0,-0.6,6,-0.17
sz159920,09:39:42,1767577184031,09:40:43,1767577183943,1.593,1.5986,-0.3503,26352.25,0.8972,5.6252,152000,242136,1.593,0.999,1.593,4666600,1.592,4637300,1.591,5192100,1.590,4666600,1.589,2249900,1.594,3166200,1.595,4914000,1.596,7126800,1.597,4186400,1.598,4591100,87,468,0,09:39:43.562,09:39:43,26381.67,26393.0,-0.5,5,-0.18
sz159920,09:39:39,1767577185032,09:40:44,1767577184946,1.593,1.5986,-0.3503,26351.49,0.8972,4.6128,0,0,1.593,1.001,1.593,1278600,1.592,6927200,1.591,5192100,1.590,4756600,1.589,2249900,1.594,4006300,1.595,4162900,1.596,7126800,1.597,4186400,1.598,4591100,85,477,1,09:39:44.554,09:39:44,26381.0,26390.0,0.14,4,-0.18
sz159920,09:39:42,1767577186050,09:40:44,1767577185533,1.593,1.5986,-0.3503,26351.49,0.8972,4.0432,152000,242136,1.593,1.018,1.593,4666600,1.592,4637300,1.591,5192100,1.590,4666600,1.589,2249900,1.594,3166200,1.595,4914000,1.596,7126800,1.597,4186400,1.598,4591100,516,480,0,09:39:45.569,09:39:45,26383.84,26391.0,0.67,3,-0.17
sz159920,09:39:45,1767577187033,09:40:46,1767577186412,1.593,1.5986,-0.3503,26350.48,0.8972,2.555,42200,67225,1.593,0.983,1.593,2323200,1.592,6937300,1.591,5192100,1.590,4756600,1.589,2249900,1.594,3007200,1.595,4914000,1.596,7376800,1.597,4186400,1.598,4601100,620,481,0,09:39:46.552,09:39:46,26381.8,26390.5,0.25,4,-0.18
sz159920,09:39:45,1767577188041,09:40:47,1767577187955,1.593,1.5986,-0.3503,26350.48,0.8972,2.2174,0,0,1.593,1.009,1.593,2323200,1.592,6937300,1.591,5192100,1.590,4756600,1.589,2249900,1.594,3007200,1.595,4914000,1.596,7376800,1.597,4186400,1.598,4601100,86,480,0,09:39:47.560,09:39:47,26378.11,26391.0,-0.33,3,-0.19
sz159920,09:39:45,1767577189035,09:40:48,1767577188412,1.593,1.5986,-0.3503,26350.34,0.8972,2.1578,0,0,1.593,0.994,1.593,2323200,1.592,6937300,1.591,5192100,1.590,4756600,1.589,2249900,1.594,3007200,1.595,4914000,1.596,7376800,1.597,4186400,1.598,4601100,623,450,0,09:39:48.584,09:39:48,26377.3,26386.0,0.4,2,-0.2
sz159920,09:39:48,1767577190045,09:40:49,1767577189938,1.594,1.5989,-0.3065,26350.34,0.8972,3.2941,541000,861816,1.593,1.01,1.593,435800,1.592,6937300,1.591,5192100,1.590,4666600,1.589,2249900,1.594,3143300,1.595,4909200,1.596,7125800,1.597,4186400,1.598,4601100,107,483,0,09:39:49.562,09:39:49,26379.24,26388.0,0.0,12,-0.19
sz159920,09:39:48,1767577191053,09:40:50,1767577190424,1.594,1.5989,-0.3065,26352.21,0.8972,3.233,0,0,1.594,1.008,1.593,435800,1.592,6937300,1.591,5192100,1.590,4666600,1.589,2249900,1.594,3143300,1.595,4909200,1.596,7125800,1.597,4186400,1.598,4601100,628,481,0,09:39:50.572,09:39:50,26379.18,26388.0,-0.33,4,-0.19
sz159920,09:39:48,1767577192042,09:40:51,1767577191944,1.594,1.5989,-0.3065,26352.21,0.8972,3.5506,0,0,1.594,0.989,1.593,435800,1.592,6937300,1.591,5192100,1.590,4666600,1.589,2249900,1.594,3143300,1.595,4909200,1.596,7125800,1.597,4186400,1.598,4601100,97,476,0,09:39:51.565,09:39:51,26379.0,26388.5,0.17,8,-0.19
sz159920,09:39:48,1767577193037,09:40:52,1767577192413,1.594,1.5989,-0.3065,26349.89,0.8972,3.4855,0,0,1.594,0.995,1.593,435800,1.592,6937300,1.591,5192100,1.590,4666600,1.589,2249900,1.594,3143300,1.595,4909200,1.596,7125800,1.597,4186400,1.598,4601100,623,434,0,09:39:52.603,09:39:52,26378.2,26389.0,-0.5,3,-0.19
sz159920,09:39:51,1767577194052,09:40:53,1767577193938,1.594,1.5989,-0.3065,26349.89,0.8972,3.2447,163600,260618,1.593,1.014,1.593,2053800,1.592,6937300,1.591,5192100,1.590,4666600,1.589,2249900,1.594,3171300,1.595,4916200,1.596,7125800,1.597,4276400,1.598,4602100,113,491,0,09:39:53.560,09:39:53,26381.8,26391.0,-0.5,2,-0.18
sz159920,09:39:51,1767577195050,09:40:54,1767577194944,1.594,1.5989,-0.3065,26354.89,0.8972,3.086,0,0,1.594,0.998,1.593,2053800,1.592,6937300,1.591,5192100,1.590,4666600,1.589,2249900,1.594,3171300,1.595,4916200,1.596,7125800,1.597,4276400,1.598,4602100,105,479,0,09:39:54.570,09:39:54,26386.46,26396.0,-0.67,5,-0.16
sz159920,09:39:51,1767577196049,09:40:54,1767577194944,1.594,1.5989,-0.3065,26354.89,0.8972,2.2526,0,0,1.594,0.999,1.593,2053800,1.592,6937300,1.591,5192100,1.590,4666600,1.589,2249900,1.594,3171300,1.595,4916200,1.596,7125800,1.597,4276400,1.598,4602100,1105,482,0,09:39:55.567,09:39:55,26389.36,26397.0,0.0,3,-0.15
sz159920,09:39:54,1767577197077,09:40:56,1767577196421,1.593,1.5989,-0.369,26354.29,0.8972,2.3293,105200,167585,1.593,1.027,1.593,4250600,1.592,4627200,1.591,5192000,1.590,4666600,1.589,2249900,1.594,2335800,1.595,4916200,1.596,7127800,1.597,4281700,1.598,4612100,655,495,0,09:39:56.581,09:39:56,26388.44,26396.0,0.71,2,-0.15
sz159920,09:39:54,1767577198057,09:40:57,1767577197949,1.593,1.5989,-0.369,26354.29,0.8972,2.4705,0,0,1.593,0.98,1.593,4250600,1.592,4627200,1.591,5192000,1.590,4666600,1.589,2249900,1.594,2335800,1.595,4916200,1.596,7127800,1.597,4281700,1.598,4612100,107,472,0,09:39:57.584,09:39:57,26387.9,26399.0,0.67,4,-0.16
sz159920,09:39:54,1767577199049,09:40:58,1767577198601,1.593,1.5989,-0.369,26358.35,0.8972,2.7167,0,0,1.593,0.992,1.593,4250600,1.592,4627200,1.591,5192000,1.590,4666600,1.589,2249900,1.594,2335800,1.595,4916200,1.596,7127800,1.597,4281700,1.598,4612100,447,467,0,09:39:58.581,09:39:57,26387.9,26400.0,0.2,0,-0.16
sz159920,09:39:54,1767577200051,09:40:59,1767577199942,1.593,1.5989,-0.369,26358.35,0.8972,2.6305,0,0,1.593,1.003,1.593,4250600,1.592,4627200,1.591,5192000,1.590,4666600,1.589,2249900,1.594,2335800,1.595,4916200,1.596,7127800,1.597,4281700,1.598,4612100,108,473,0,09:39:59.578,09:39:59,26385.4,26397.0,0.0,1,-0.16
sz159920,09:39:57,1767577201050,09:41:00,1767577200782,1.593,1.5989,-0.369,26355.28,0.8972,3.129,133700,213012,1.5932,0.998,1.593,4145000,1.592,4637200,1.591,5192000,1.590,4666600,1.589,2249900,1.594,883900,1.595,5032800,1.596,6252600,1.597,6581700,1.598,4627200,266,465,0,09:40:00.584,09:40:00,26384.5,26394.5,0.5,1,-0.17
sz159920,09:39:57,1767577202051,09:41:01,1767577201944,1.593,1.5989,-0.369,26355.28,0.8972,3.0704,0,0,1.593,1.001,1.593,4145000,1.592,4637200,1.591,5192000,1.590,4666600,1.589,2249900,1.594,883900,1.595,5032800,1.596,6252600,1.597,6581700,1.598,4627200,106,468,0,09:40:01.582,09:40:01,26378.11,26388.0,-0.71,8,-0.19
sz159920,09:40:00,1767577203062,09:41:02,1767577202950,1.594,1.5989,-0.3065,26350.05,0.8972,2.9446,471100,750929,1.594,1.011,1.593,4140300,1.592,4637200,1.591,5202000,1.590,4666600,1.589,2251200,1.594,3147900,1.595,5093100,1.596,8557600,1.597,4281700,1.598,4627200,111,466,0,09:40:02.595,09:40:02,26375.5,26385.5,0.38,19,-0.2
sz159920,09:40:00,1767577204050,09:41:03,1767577203935,1.594,1.5989,-0.3065,26350.05,0.8972,2.7412,0,0,1.594,0.988,1.593,4140300,1.592,4637200,1.591,5202000,1.590,4666600,1.589,2251200,1.594,3147900,1.595,5093100,1.596,8557600,1.597,4281700,1.598,4627200,115,459,0,09:40:03.591,09:40:03,26377.3,26390.5,0.2,1,-0.2
sz159920,09:40:00,1767577205052,09:41:04,1767577204555,1.594,1.5989,-0.3065,26349.47,0.8972,3.261,0,0,1.594,1.002,1.593,4140300,1.592,4637200,1.591,5202000,1.590,4666600,1.589,2251200,1.594,3147900,1.595,5093100,1.596,8557600,1.597,4281700,1.598,4627200,496,450,0,09:40:04.602,09:40:04,26381.91,26391.5,0.0,1,-0.18
sz159920,09:40:00,1767577206054,09:41:05,1767577205939,1.594,1.5989,-0.3065,26349.47,0.8972,3.0519,0,0,1.594,1.002,1.593,4140300,1.592,4637200,1.591,5202000,1.590,4666600,1.589,2251200,1.594,3147900,1.595,5093100,1.596,8557600,1.597,4281700,1.598,4627200,114,460,0,09:40:05.594,09:40:05,26379.18,26389.0,0.33,2,-0.19
sz159920,09:40:03,1767577207055,09:41:06,1767577206391,1.593,1.5991,-0.3815,26352.67,0.8972,4.0153,280900,447474,1.593,1.001,1.593,4272000,1.592,4635200,1.591,4908300,1.590,4758600,1.589,2551200,1.594,3561500,1.595,4920700,1.596,7130800,1.597,4193000,1.598,4627200,663,459,0,09:40:06.595,09:40:06,26380.0,26391.0,0.14,9,-0.19
sz159920,09:40:03,1767577208065,09:41:07,1767577207941,1.593,1.5991,-0.3815,26352.67,0.8972,3.4932,0,0,1.593,1.01,1.593,4272000,1.592,4635200,1.591,4908300,1.590,4758600,1.589,2551200,1.594,3561500,1.595,4920700,1.596,7130800,1.597,4193000,1.598,4627200,124,381,0,09:40:07.683,09:40:07,26383.6,26394.0,0.6,4,-0.17
sz159920,09:40:06,1767577209076,09:41:08,1767577208416,1.593,1.5991,-0.3815,26351.63,0.8972,2.6602,22500,35855,1.5936,1.011,1.593,1962100,1.592,6937200,1.591,4908300,1.590,4756600,1.589,2551200,1.594,3527500,1.595,4901800,1.596,7132800,1.597,4193000,1.598,4631200,660,481,0,09:40:08.595,09:40:08,26388.28,26397.0,0.6,7,-0.15
